order_id,customer_id,order_timestamp,weather
1,131,"2019-5-3 15:47:41",snowy
2,110,"2017-7-14 00:08:02",cloudy
3,96,"2017-11-19 01:52:00",rainy
4,159,"2019-7-6 23:32:55",sunny
5,192,"2019-9-5 08:31:58",cloudy
6,141,"2018-6-24 02:52:33",snowy
7,171,"2016-9-17 00:23:51",cloudy
8,19,"2018-12-9 08:38:29",rainy
9,185,"2019-1-3 22:48:08",snowy
10,4,"2015-3-10 06:31:29",cloudy
11,109,"2016-5-18 22:00:32",snowy
12,175,"2015-6-1 01:30:07",cloudy
13,38,"2020-12-20 10:52:32",snowy
14,1,"2015-9-3 08:02:19",cloudy
15,1,"2016-5-23 23:12:51",sunny
16,160,"2017-5-3 11:50:47",snowy
17,40,"2019-6-7 11:40:15",snowy
18,116,"2016-6-28 03:36:08",sunny
19,94,"2016-2-16 11:40:47",snowy
20,133,"2019-1-27 06:22:29",snowy
21,24,"2019-7-1 23:12:14",snowy
22,98,"2020-8-12 00:24:35",cloudy
23,107,"2016-1-20 00:48:01",rainy
24,115,"2016-2-14 12:59:22",snowy
25,170,"2018-1-26 03:23:11",cloudy
26,82,"2019-5-18 21:09:51",sunny
27,59,"2019-8-2 15:02:11",snowy
28,8,"2015-12-6 02:48:45",cloudy
29,52,"2016-11-26 13:01:14",snowy
30,85,"2016-7-22 14:02:38",snowy
31,12,"2015-1-27 16:29:26",cloudy
32,99,"2017-4-12 07:52:39",snowy
33,28,"2017-8-25 15:14:34",snowy
34,145,"2016-8-19 11:09:22",rainy
35,8,"2015-6-12 21:45:35",cloudy
36,196,"2015-1-19 12:45:52",rainy
37,155,"2015-11-28 23:42:53",rainy
38,98,"2019-12-19 19:22:09",cloudy
39,91,"2019-2-8 01:58:24",cloudy
40,85,"2017-11-15 19:04:47",sunny
41,46,"2017-6-18 10:49:59",cloudy
42,92,"2017-9-24 02:35:00",sunny
43,159,"2020-8-21 08:41:51",sunny
44,40,"2018-3-22 05:40:39",sunny
45,92,"2015-8-9 04:47:50",sunny
46,8,"2015-8-3 01:33:41",rainy
47,26,"2015-3-5 12:44:48",rainy
48,119,"2016-5-20 08:19:33",sunny
49,62,"2015-12-28 03:48:19",sunny
50,143,"2018-6-14 16:28:11",cloudy
51,135,"2020-3-12 22:07:23",sunny
52,170,"2020-5-2 06:30:06",sunny
53,106,"2018-10-22 09:09:52",snowy
54,4,"2020-1-7 08:52:56",snowy
55,182,"2019-3-5 14:25:38",rainy
56,12,"2017-7-28 01:21:32",snowy
57,7,"2018-8-27 12:27:09",sunny
58,14,"2019-9-19 05:25:02",sunny
59,74,"2020-9-22 20:39:09",sunny
60,109,"2020-1-1 08:27:39",snowy
61,97,"2015-3-25 12:59:42",cloudy
62,136,"2020-5-4 15:31:20",sunny
63,69,"2016-3-14 06:57:57",snowy
64,81,"2016-6-27 23:13:04",snowy
65,15,"2016-2-21 19:52:27",rainy
66,111,"2016-2-8 11:38:52",rainy
67,127,"2019-3-11 04:04:48",cloudy
68,26,"2019-9-24 21:46:54",sunny
69,96,"2020-7-11 07:11:48",cloudy
70,160,"2020-3-22 07:30:37",snowy
71,59,"2018-5-18 19:31:27",cloudy
72,116,"2016-3-26 00:24:16",snowy
73,93,"2016-1-27 07:04:38",sunny
74,111,"2020-2-8 02:31:02",sunny
75,49,"2019-7-28 11:02:45",rainy
76,64,"2016-1-6 16:57:20",rainy
77,43,"2018-5-14 07:40:38",sunny
78,38,"2018-3-18 06:53:09",cloudy
79,165,"2016-7-23 02:03:33",sunny
80,134,"2016-1-18 03:36:01",sunny
81,88,"2017-9-4 15:44:52",rainy
82,7,"2020-12-28 19:11:38",rainy
83,116,"2020-2-3 17:07:35",rainy
84,118,"2020-10-24 09:49:37",snowy
85,49,"2020-2-18 04:37:32",cloudy
86,33,"2018-5-14 22:28:30",rainy
87,120,"2018-8-26 09:04:14",rainy
88,113,"2017-4-18 15:04:18",cloudy
89,50,"2016-9-10 20:45:19",rainy
90,27,"2019-10-9 18:03:51",cloudy
91,128,"2016-3-2 19:42:23",cloudy
92,58,"2019-1-18 00:23:09",rainy
93,94,"2017-8-8 00:06:30",cloudy
94,161,"2018-8-10 01:47:41",snowy
95,163,"2015-6-20 18:19:29",cloudy
96,47,"2020-11-11 10:44:35",cloudy
97,52,"2020-1-10 01:54:57",sunny
98,65,"2019-9-8 21:10:27",snowy
99,104,"2017-7-26 17:56:52",cloudy
100,19,"2018-9-4 09:08:44",sunny
101,64,"2015-2-24 05:09:13",snowy
102,91,"2016-1-28 21:30:36",rainy
103,98,"2018-2-17 02:10:43",cloudy
104,166,"2020-5-13 06:56:19",sunny
105,85,"2015-10-25 12:17:40",sunny
106,157,"2015-12-12 16:14:35",snowy
107,52,"2018-9-3 01:38:13",rainy
108,52,"2016-5-27 12:16:32",cloudy
109,54,"2017-2-8 02:02:21",cloudy
110,4,"2020-7-12 07:59:06",snowy
111,171,"2018-7-9 02:37:25",cloudy
112,138,"2015-11-18 04:03:07",cloudy
113,95,"2016-5-18 20:28:48",rainy
114,83,"2016-12-1 18:05:39",sunny
115,38,"2015-4-11 23:11:47",sunny
116,167,"2017-10-1 17:52:04",rainy
117,199,"2016-1-17 02:40:39",snowy
118,163,"2018-10-27 17:41:44",sunny
119,138,"2020-2-20 20:37:53",rainy
120,93,"2019-6-19 06:49:43",cloudy
121,146,"2016-10-1 14:34:08",cloudy
122,76,"2019-7-9 22:46:07",snowy
123,175,"2019-6-20 21:30:05",snowy
124,62,"2018-4-26 05:21:05",snowy
125,159,"2020-3-14 08:27:48",snowy
126,129,"2017-12-27 03:10:52",snowy
127,101,"2016-5-21 03:09:17",sunny
128,154,"2018-11-3 06:54:04",snowy
129,69,"2016-4-6 00:09:37",cloudy
130,2,"2020-1-1 23:18:25",snowy
131,160,"2018-4-18 16:58:01",cloudy
132,165,"2016-8-9 14:48:04",rainy
133,93,"2020-5-20 00:21:05",rainy
134,169,"2019-10-20 00:23:17",rainy
135,124,"2015-9-24 22:44:38",sunny
136,56,"2020-12-24 01:04:49",sunny
137,19,"2017-2-10 02:26:52",cloudy
138,90,"2020-5-8 20:26:28",rainy
139,177,"2019-9-5 10:30:36",rainy
140,139,"2015-5-2 17:44:21",cloudy
141,185,"2020-7-28 00:20:51",cloudy
142,150,"2016-10-24 04:18:53",cloudy
143,85,"2015-2-25 12:40:29",snowy
144,118,"2017-11-9 04:50:01",cloudy
145,155,"2017-1-20 23:46:06",rainy
146,157,"2016-12-28 00:18:55",cloudy
147,140,"2016-10-8 02:56:22",cloudy
148,47,"2019-9-6 14:29:23",sunny
149,5,"2017-9-5 09:05:12",sunny
150,89,"2019-3-9 16:54:11",rainy
151,146,"2017-7-5 20:01:25",sunny
152,154,"2015-11-15 06:50:52",rainy
153,142,"2016-2-1 02:25:33",snowy
154,71,"2019-5-18 21:02:16",cloudy
155,144,"2018-10-13 08:00:06",sunny
156,70,"2015-10-19 04:36:54",snowy
157,185,"2019-11-10 22:56:21",sunny
158,177,"2016-6-10 12:28:34",cloudy
159,16,"2020-5-18 01:06:20",snowy
160,53,"2015-9-9 01:26:50",snowy
161,136,"2016-8-5 07:54:18",snowy
162,190,"2020-5-2 09:31:56",rainy
163,74,"2016-4-19 18:21:21",sunny
164,119,"2018-4-5 14:57:53",sunny
165,65,"2018-4-4 10:18:08",sunny
166,54,"2017-9-6 01:42:15",rainy
167,50,"2015-1-25 17:28:12",rainy
168,147,"2015-5-27 22:41:34",cloudy
169,99,"2017-2-20 22:01:01",rainy
170,135,"2020-4-8 14:05:51",cloudy
171,9,"2018-3-18 05:00:44",snowy
172,85,"2017-6-15 17:27:14",snowy
173,43,"2020-2-11 03:00:06",snowy
174,32,"2020-4-11 18:07:35",snowy
175,37,"2016-2-17 17:17:36",snowy
176,173,"2016-9-24 20:09:30",rainy
177,153,"2015-8-23 16:35:02",sunny
178,150,"2019-12-13 12:45:10",snowy
179,138,"2020-3-17 20:25:15",snowy
180,166,"2017-5-23 07:09:23",snowy
181,31,"2020-9-5 05:36:42",snowy
182,96,"2019-12-10 05:54:32",cloudy
183,130,"2016-11-12 21:32:03",cloudy
184,80,"2020-1-14 08:13:21",snowy
185,58,"2019-12-6 18:35:27",snowy
186,25,"2020-2-9 03:49:34",rainy
187,166,"2019-9-14 10:10:31",rainy
188,64,"2015-8-4 20:48:38",cloudy
189,125,"2018-7-27 05:03:46",snowy
190,159,"2019-2-2 00:08:27",sunny
191,157,"2016-5-4 23:49:07",sunny
192,113,"2018-9-13 09:00:49",snowy
193,21,"2020-10-15 17:37:28",snowy
194,29,"2015-11-20 22:15:24",sunny
195,39,"2015-9-27 13:55:34",rainy
196,136,"2018-7-7 18:57:26",rainy
197,74,"2017-12-12 02:30:11",snowy
198,77,"2016-1-9 06:12:05",rainy
199,153,"2020-3-1 05:33:04",rainy
200,102,"2016-11-24 14:58:36",sunny
201,8,"2016-6-5 13:16:53",cloudy
202,159,"2018-11-25 16:30:53",rainy
203,39,"2019-7-23 04:14:16",rainy
204,94,"2016-7-6 21:36:48",cloudy
205,186,"2020-4-8 11:55:53",cloudy
206,151,"2015-2-8 14:38:30",rainy
207,111,"2018-12-27 07:59:06",cloudy
208,170,"2017-6-26 18:04:41",rainy
209,153,"2020-4-18 08:05:25",sunny
210,11,"2020-10-18 12:42:36",sunny
211,174,"2018-7-16 21:05:22",rainy
212,39,"2017-4-4 02:46:12",cloudy
213,29,"2016-7-24 06:39:41",rainy
214,69,"2016-2-27 19:21:48",rainy
215,188,"2019-11-18 09:44:25",rainy
216,163,"2020-5-18 07:04:44",sunny
217,8,"2017-8-4 13:43:06",cloudy
218,193,"2018-2-3 00:34:00",rainy
219,148,"2020-11-11 05:56:53",rainy
220,22,"2020-2-22 00:25:03",sunny
221,141,"2018-2-6 17:13:23",rainy
222,189,"2019-7-10 11:57:46",snowy
223,44,"2018-12-7 06:40:43",cloudy
224,47,"2017-5-3 17:20:51",rainy
225,27,"2015-3-17 04:08:31",cloudy
226,77,"2016-5-6 08:17:59",rainy
227,43,"2018-3-14 17:03:41",cloudy
228,112,"2019-11-28 13:16:34",cloudy
229,148,"2015-1-2 04:32:49",snowy
230,49,"2018-12-21 07:32:46",rainy
231,14,"2015-1-6 02:14:40",cloudy
232,198,"2016-12-16 09:23:52",snowy
233,182,"2020-3-27 10:51:50",sunny
234,8,"2017-3-19 06:14:53",rainy
235,38,"2020-3-6 19:43:39",sunny
236,189,"2020-8-10 19:19:24",snowy
237,60,"2016-11-18 21:29:26",sunny
238,8,"2015-1-17 01:16:27",snowy
239,43,"2015-3-26 02:15:44",rainy
240,40,"2020-7-8 23:50:39",sunny
241,179,"2015-10-20 12:29:43",cloudy
242,152,"2016-12-21 06:08:39",sunny
243,171,"2019-5-9 11:00:13",cloudy
244,172,"2018-3-5 19:15:24",snowy
245,55,"2020-10-1 20:18:46",sunny
246,67,"2015-6-20 10:05:22",cloudy
247,130,"2017-2-23 10:45:26",cloudy
248,193,"2019-6-10 21:00:18",snowy
249,3,"2020-10-28 05:28:54",sunny
250,191,"2020-6-27 04:07:38",sunny
251,188,"2018-6-7 14:45:26",sunny
252,105,"2018-3-9 06:42:35",rainy
253,110,"2018-10-23 04:51:23",sunny
254,9,"2016-8-6 04:00:43",rainy
255,45,"2019-12-12 12:39:55",sunny
256,18,"2017-1-16 17:38:47",rainy
257,82,"2015-9-5 04:07:57",snowy
258,114,"2019-11-25 08:23:45",snowy
259,173,"2015-6-20 18:15:34",cloudy
260,166,"2020-4-18 05:55:12",sunny
261,66,"2017-11-21 15:32:38",rainy
262,96,"2017-2-26 18:37:02",sunny
263,17,"2015-12-28 17:49:52",sunny
264,32,"2020-4-6 17:34:13",rainy
265,77,"2015-8-21 09:15:04",rainy
266,19,"2019-10-28 02:48:48",snowy
267,127,"2020-11-19 23:11:40",sunny
268,24,"2015-7-10 21:51:57",snowy
269,115,"2020-10-10 12:23:32",rainy
270,127,"2017-1-1 20:01:28",rainy
271,140,"2019-11-22 03:59:36",cloudy
272,39,"2019-12-12 11:29:03",sunny
273,28,"2018-10-26 02:50:33",sunny
274,158,"2016-9-13 15:40:10",sunny
275,129,"2018-1-28 02:58:35",rainy
276,197,"2016-4-24 22:44:16",sunny
277,131,"2018-1-15 10:01:23",snowy
278,169,"2015-5-3 01:28:02",snowy
279,64,"2016-9-23 12:33:01",rainy
280,107,"2018-12-17 04:04:09",rainy
281,74,"2017-9-1 21:35:21",snowy
282,16,"2017-9-16 00:50:07",rainy
283,167,"2019-7-15 01:45:35",snowy
284,69,"2017-1-18 20:33:46",sunny
285,81,"2019-10-9 09:33:10",sunny
286,152,"2016-2-20 20:13:21",cloudy
287,157,"2020-5-13 09:26:42",sunny
288,27,"2018-12-21 04:19:16",sunny
289,184,"2015-5-26 00:21:48",rainy
290,139,"2015-12-20 21:49:45",cloudy
291,198,"2020-11-14 11:26:05",snowy
292,106,"2017-12-1 12:04:19",snowy
293,76,"2016-5-25 16:01:22",snowy
294,92,"2016-12-24 18:59:37",sunny
295,185,"2019-3-10 13:14:46",rainy
296,145,"2020-10-19 17:53:58",cloudy
297,63,"2015-6-14 01:32:01",snowy
298,93,"2016-3-2 12:09:26",rainy
299,6,"2015-4-5 07:58:56",snowy
300,200,"2017-9-4 00:59:11",sunny
301,133,"2018-8-1 21:53:40",sunny
302,3,"2018-1-15 14:16:40",cloudy
303,189,"2020-5-19 09:28:04",rainy
304,70,"2016-4-2 21:02:38",rainy
305,3,"2018-11-22 18:35:33",sunny
306,22,"2016-6-12 18:26:52",snowy
307,99,"2017-4-21 07:55:43",snowy
308,73,"2019-7-25 18:15:06",cloudy
309,143,"2016-4-24 18:40:24",cloudy
310,49,"2015-2-1 19:46:14",rainy
311,112,"2015-4-21 23:00:31",cloudy
312,42,"2016-11-8 11:25:23",cloudy
313,136,"2017-10-22 18:49:54",rainy
314,27,"2017-3-18 20:47:47",sunny
315,136,"2016-6-6 08:34:46",sunny
316,82,"2017-12-26 01:20:31",snowy
317,17,"2017-2-27 05:09:48",snowy
318,62,"2020-8-24 21:34:16",snowy
319,121,"2019-3-27 22:14:18",sunny
320,60,"2016-8-16 08:22:33",snowy
321,6,"2015-10-14 23:43:02",sunny
322,44,"2020-3-27 10:13:50",snowy
323,5,"2019-12-13 15:23:31",rainy
324,144,"2016-4-19 10:19:13",cloudy
325,15,"2015-11-27 15:54:02",snowy
326,133,"2018-8-17 13:54:49",sunny
327,51,"2015-7-6 19:42:20",rainy
328,62,"2018-2-22 18:10:07",sunny
329,153,"2015-7-28 09:05:55",rainy
330,48,"2019-8-3 13:55:48",rainy
331,72,"2016-12-7 07:50:12",rainy
332,116,"2018-9-26 10:21:28",snowy
333,79,"2019-6-23 15:04:20",sunny
334,92,"2020-1-6 07:13:25",snowy
335,87,"2016-9-15 08:13:24",sunny
336,30,"2018-7-14 03:20:03",rainy
337,115,"2017-9-12 08:48:45",snowy
338,167,"2016-8-1 18:39:11",rainy
339,194,"2016-7-2 16:38:41",cloudy
340,71,"2019-10-12 19:20:57",cloudy
341,145,"2016-3-19 14:20:40",snowy
342,1,"2017-3-25 00:18:18",snowy
343,135,"2017-1-4 21:16:53",rainy
344,189,"2019-11-7 12:58:22",cloudy
345,111,"2016-1-16 23:06:48",snowy
346,174,"2015-11-2 18:23:31",rainy
347,161,"2018-11-2 22:39:09",cloudy
348,155,"2015-6-18 23:19:09",snowy
349,165,"2019-4-21 09:56:10",snowy
350,166,"2016-12-27 22:30:20",snowy
351,190,"2017-11-19 11:36:04",rainy
352,147,"2015-7-27 21:05:18",rainy
353,59,"2016-4-16 04:15:52",sunny
354,81,"2015-7-8 14:25:27",snowy
355,139,"2017-4-5 08:40:10",rainy
356,158,"2020-4-18 11:11:43",sunny
357,20,"2018-1-19 13:11:47",rainy
358,35,"2020-2-9 19:01:48",snowy
359,29,"2015-3-8 10:23:11",snowy
360,140,"2017-8-14 18:31:59",rainy
361,158,"2016-6-22 07:31:09",cloudy
362,164,"2019-12-6 01:52:40",rainy
363,101,"2018-8-24 12:56:08",cloudy
364,186,"2019-9-17 17:53:18",sunny
365,106,"2020-7-27 13:31:28",cloudy
366,16,"2017-8-10 14:58:53",rainy
367,181,"2017-5-17 01:04:49",snowy
368,133,"2015-1-3 21:58:10",snowy
369,125,"2016-9-14 14:20:27",cloudy
370,113,"2018-12-25 12:45:44",snowy
371,1,"2015-6-7 16:10:14",snowy
372,114,"2018-4-19 05:41:12",rainy
373,145,"2020-4-11 20:37:26",snowy
374,55,"2017-1-28 00:01:58",snowy
375,160,"2017-2-23 06:38:56",snowy
376,92,"2020-4-2 19:54:00",cloudy
377,84,"2015-1-8 13:53:25",rainy
378,133,"2016-9-18 20:37:11",sunny
379,168,"2019-11-8 10:26:56",snowy
380,87,"2017-2-25 19:19:07",sunny
381,89,"2015-4-2 09:44:46",sunny
382,68,"2016-9-22 02:41:13",sunny
383,199,"2019-7-28 14:51:31",rainy
384,187,"2015-10-1 14:54:41",cloudy
385,73,"2015-12-28 04:48:06",sunny
386,17,"2015-4-16 18:22:57",cloudy
387,10,"2017-11-12 16:49:24",snowy
388,108,"2017-11-1 09:50:15",rainy
389,130,"2018-7-6 00:10:57",snowy
390,170,"2019-9-1 21:27:18",snowy
391,188,"2018-7-20 20:04:37",snowy
392,133,"2015-9-14 07:25:41",cloudy
393,6,"2019-5-10 11:35:08",snowy
394,93,"2018-7-23 09:46:51",sunny
395,122,"2016-2-10 02:21:57",snowy
396,172,"2017-8-5 05:40:58",snowy
397,133,"2017-4-1 07:53:47",snowy
398,157,"2020-1-7 04:16:26",sunny
399,35,"2018-5-12 23:45:12",snowy
400,78,"2015-4-1 05:07:25",sunny
401,1,"2020-4-26 15:42:25",snowy
402,52,"2019-5-14 14:50:51",rainy
403,182,"2017-12-8 23:32:55",rainy
404,176,"2015-8-1 10:49:20",snowy
405,53,"2020-2-21 17:41:50",sunny
406,83,"2019-3-13 11:58:29",rainy
407,20,"2016-2-28 16:05:13",cloudy
408,34,"2017-10-23 06:31:38",cloudy
409,41,"2020-4-16 11:37:00",snowy
410,193,"2017-10-20 07:43:13",rainy
411,61,"2017-2-17 02:44:15",cloudy
412,137,"2015-9-23 15:51:37",cloudy
413,92,"2015-9-20 11:54:28",snowy
414,3,"2015-2-13 17:57:42",snowy
415,98,"2019-2-9 02:43:54",snowy
416,13,"2019-5-7 05:37:38",sunny
417,185,"2016-4-16 15:37:35",cloudy
418,16,"2020-7-11 10:43:03",rainy
419,120,"2018-11-25 21:12:46",cloudy
420,2,"2018-3-5 10:10:31",rainy
421,47,"2016-7-20 18:39:13",sunny
422,1,"2015-4-2 04:53:25",cloudy
423,37,"2015-10-11 11:55:35",cloudy
424,38,"2020-8-2 01:51:03",rainy
425,22,"2017-4-25 17:31:51",sunny
426,198,"2018-7-27 00:09:21",rainy
427,47,"2018-5-17 06:26:41",snowy
428,77,"2020-5-9 01:24:02",snowy
429,135,"2020-8-28 06:25:54",rainy
430,90,"2018-5-24 12:18:13",snowy
431,182,"2015-9-21 13:03:31",rainy
432,55,"2015-4-10 04:45:50",rainy
433,98,"2016-10-18 20:50:10",cloudy
434,153,"2019-3-15 08:22:26",sunny
435,35,"2018-12-2 23:49:19",sunny
436,135,"2020-11-19 15:36:57",rainy
437,7,"2020-9-23 11:05:04",snowy
438,104,"2019-6-24 01:53:04",rainy
439,149,"2017-11-7 21:14:10",snowy
440,14,"2015-2-11 22:18:53",sunny
441,106,"2020-12-13 22:19:32",rainy
442,72,"2015-9-23 18:02:57",snowy
443,53,"2017-10-27 20:33:10",snowy
444,70,"2019-6-27 08:11:11",sunny
445,26,"2016-8-3 21:20:39",rainy
446,163,"2019-2-5 07:30:21",cloudy
447,123,"2016-11-7 05:45:18",snowy
448,40,"2020-11-14 03:34:04",cloudy
449,162,"2019-5-26 20:23:11",rainy
450,141,"2018-9-18 09:29:19",sunny
451,20,"2015-11-4 18:49:35",rainy
452,88,"2016-2-27 22:07:22",snowy
453,169,"2016-2-18 13:41:03",rainy
454,158,"2016-11-25 11:00:49",rainy
455,131,"2017-3-4 21:46:45",snowy
456,93,"2020-7-26 23:48:16",snowy
457,95,"2019-6-5 07:54:05",sunny
458,176,"2018-5-25 05:38:52",rainy
459,131,"2020-10-13 03:46:57",rainy
460,1,"2016-9-25 17:56:23",sunny
461,61,"2019-8-13 01:58:30",cloudy
462,111,"2016-1-6 10:41:10",sunny
463,76,"2018-7-23 02:16:44",sunny
464,147,"2016-7-11 19:20:04",sunny
465,24,"2016-8-9 02:00:36",rainy
466,187,"2017-2-16 03:02:28",cloudy
467,99,"2017-12-2 01:40:09",sunny
468,169,"2017-9-27 23:51:30",snowy
469,175,"2018-1-4 17:32:29",sunny
470,100,"2017-4-26 01:42:13",snowy
471,114,"2018-4-20 13:56:35",snowy
472,191,"2019-1-24 16:54:08",cloudy
473,76,"2016-3-24 02:47:07",snowy
474,200,"2019-12-26 18:13:11",cloudy
475,172,"2018-7-21 23:38:17",sunny
476,50,"2018-4-24 18:35:22",snowy
477,155,"2019-4-10 08:26:13",sunny
478,31,"2020-4-15 17:13:48",snowy
479,66,"2016-4-19 18:07:16",snowy
480,88,"2016-2-25 06:56:29",rainy
481,94,"2016-10-17 06:28:54",sunny
482,152,"2018-10-17 02:28:42",sunny
483,169,"2015-3-6 20:59:29",cloudy
484,165,"2015-1-24 02:53:46",cloudy
485,56,"2015-3-28 09:00:19",sunny
486,27,"2016-8-9 21:36:49",snowy
487,67,"2019-10-13 09:24:23",sunny
488,45,"2020-9-18 12:07:10",sunny
489,71,"2016-12-4 02:14:21",rainy
490,37,"2015-5-28 09:35:55",sunny
491,119,"2018-1-14 01:22:36",sunny
492,197,"2018-2-10 21:07:47",cloudy
493,106,"2019-11-7 00:25:56",cloudy
494,138,"2018-1-16 17:28:01",snowy
495,145,"2018-3-6 20:31:38",snowy
496,108,"2018-2-19 04:50:32",cloudy
497,131,"2016-12-28 08:47:25",cloudy
498,111,"2020-1-28 05:14:24",cloudy
499,37,"2016-12-2 11:31:20",snowy
500,39,"2020-7-21 08:47:39",sunny
501,79,"2020-10-26 10:37:51",cloudy
502,115,"2019-8-19 07:09:58",snowy
503,38,"2015-9-5 09:03:46",cloudy
504,181,"2018-9-19 05:06:50",sunny
505,34,"2020-9-1 20:19:43",snowy
506,16,"2019-10-21 01:13:55",snowy
507,156,"2019-12-18 19:15:21",sunny
508,121,"2016-11-11 05:55:50",rainy
509,153,"2016-1-15 22:27:46",snowy
510,73,"2018-2-3 17:01:50",cloudy
511,46,"2017-12-11 06:31:43",sunny
512,45,"2019-6-10 20:51:32",rainy
513,183,"2020-2-16 18:11:19",cloudy
514,111,"2019-7-23 01:20:41",snowy
515,198,"2017-6-2 04:20:03",rainy
516,162,"2015-9-16 10:52:15",cloudy
517,199,"2015-11-8 20:10:48",sunny
518,59,"2016-7-10 18:29:54",snowy
519,28,"2016-9-16 18:05:30",cloudy
520,127,"2019-12-22 15:13:52",cloudy
521,1,"2019-7-27 10:03:02",cloudy
522,30,"2016-3-18 05:22:42",sunny
523,12,"2015-6-24 14:27:33",cloudy
524,182,"2016-3-19 23:20:23",rainy
525,42,"2015-10-6 17:01:24",snowy
526,179,"2020-4-6 02:17:06",rainy
527,168,"2017-7-12 14:09:12",sunny
528,79,"2020-7-2 17:21:21",rainy
529,171,"2015-9-3 22:32:19",cloudy
530,128,"2016-9-5 22:47:11",sunny
531,192,"2015-7-2 03:00:13",snowy
532,58,"2020-8-12 05:24:30",snowy
533,106,"2019-6-26 18:44:08",snowy
534,130,"2017-2-16 08:50:09",snowy
535,187,"2020-5-18 13:43:20",cloudy
536,38,"2015-6-3 23:55:59",snowy
537,56,"2018-8-20 05:12:52",snowy
538,57,"2017-6-14 08:42:58",snowy
539,7,"2019-12-11 07:56:37",cloudy
540,77,"2019-11-1 05:15:37",snowy
541,131,"2017-9-7 05:04:33",sunny
542,20,"2018-11-10 06:22:53",cloudy
543,199,"2017-1-19 23:40:02",snowy
544,129,"2017-12-24 03:28:54",snowy
545,185,"2020-12-27 07:07:09",cloudy
546,44,"2020-8-24 05:37:48",snowy
547,11,"2018-5-7 20:28:14",sunny
548,18,"2018-4-6 12:18:16",cloudy
549,94,"2019-4-10 19:35:22",snowy
550,173,"2016-4-5 12:23:53",sunny
551,6,"2016-3-3 03:25:59",cloudy
552,158,"2016-4-10 04:26:35",snowy
553,126,"2018-10-1 10:04:13",sunny
554,120,"2019-9-14 17:16:37",sunny
555,75,"2018-8-25 21:29:39",rainy
556,28,"2016-2-12 14:55:20",cloudy
557,173,"2015-4-12 09:36:18",snowy
558,136,"2016-2-25 04:57:09",rainy
559,145,"2017-9-8 21:03:58",cloudy
560,188,"2020-2-20 19:22:27",rainy
561,32,"2018-5-12 21:20:11",sunny
562,69,"2019-9-26 20:04:42",sunny
563,20,"2016-5-18 17:51:35",snowy
564,96,"2016-10-28 23:47:39",snowy
565,135,"2020-8-23 06:40:19",sunny
566,93,"2019-10-13 21:25:16",sunny
567,191,"2019-7-7 05:01:21",rainy
568,125,"2019-12-13 20:57:40",sunny
569,8,"2015-4-18 05:07:30",sunny
570,137,"2017-1-6 05:55:28",cloudy
571,22,"2019-8-11 11:10:37",sunny
572,99,"2018-2-4 13:26:56",cloudy
573,159,"2015-7-28 05:26:20",rainy
574,66,"2019-8-28 14:48:00",cloudy
575,61,"2015-5-21 09:29:19",snowy
576,180,"2015-8-27 19:48:57",cloudy
577,42,"2020-2-23 00:08:13",snowy
578,14,"2015-11-13 18:34:04",rainy
579,37,"2019-11-23 16:41:28",sunny
580,162,"2015-3-14 09:08:00",rainy
581,77,"2017-5-24 21:14:24",sunny
582,35,"2016-11-24 07:32:14",sunny
583,20,"2018-8-8 19:49:36",cloudy
584,6,"2020-12-12 20:36:55",rainy
585,98,"2017-5-27 18:42:18",sunny
586,67,"2015-6-6 07:56:57",sunny
587,69,"2017-2-23 07:35:32",sunny
588,8,"2018-6-23 05:52:22",snowy
589,61,"2018-2-5 16:40:33",cloudy
590,174,"2018-3-17 07:11:35",sunny
591,13,"2018-10-23 21:51:20",sunny
592,72,"2016-4-16 19:00:31",cloudy
593,7,"2016-9-27 09:31:58",rainy
594,150,"2019-5-4 12:01:55",snowy
595,131,"2020-12-28 02:02:39",rainy
596,35,"2017-6-19 07:04:26",cloudy
597,189,"2019-12-28 09:15:16",sunny
598,57,"2015-1-19 20:22:57",rainy
599,9,"2019-5-16 17:28:11",rainy
600,140,"2017-2-1 15:59:01",cloudy
601,33,"2016-5-17 04:41:00",cloudy
602,194,"2015-5-17 17:39:54",rainy
603,18,"2015-7-13 18:01:51",rainy
604,9,"2015-4-9 03:23:47",cloudy
605,84,"2018-11-17 10:02:51",snowy
606,95,"2015-9-25 00:30:13",snowy
607,23,"2018-6-16 15:02:56",sunny
608,4,"2020-2-6 05:27:31",snowy
609,129,"2015-7-5 21:05:34",rainy
610,57,"2016-9-3 03:45:52",sunny
611,165,"2018-8-27 23:53:01",cloudy
612,59,"2019-8-9 09:11:01",rainy
613,60,"2015-8-10 05:30:43",cloudy
614,53,"2020-11-28 05:56:30",rainy
615,193,"2016-6-7 16:38:08",rainy
616,60,"2015-1-26 23:07:13",rainy
617,56,"2019-10-28 04:23:27",sunny
618,81,"2020-4-23 19:49:54",rainy
619,105,"2018-1-14 22:12:54",snowy
620,185,"2019-10-5 10:33:57",sunny
621,127,"2020-2-1 19:10:59",sunny
622,70,"2017-8-23 15:07:51",snowy
623,184,"2015-12-14 14:25:10",cloudy
624,65,"2020-4-24 14:04:26",cloudy
625,135,"2016-5-20 11:41:03",snowy
626,176,"2019-8-18 20:17:46",cloudy
627,138,"2019-2-3 15:04:46",snowy
628,142,"2019-6-9 21:30:21",sunny
629,73,"2017-6-6 02:19:21",cloudy
630,15,"2016-2-9 19:46:00",cloudy
631,146,"2018-2-8 21:06:30",cloudy
632,19,"2017-11-16 00:08:58",sunny
633,119,"2019-12-16 18:24:46",cloudy
634,37,"2019-7-24 18:12:46",rainy
635,1,"2015-10-20 20:42:39",sunny
636,110,"2016-8-10 11:12:30",snowy
637,175,"2020-11-2 03:27:32",snowy
638,150,"2017-5-10 17:21:05",rainy
639,22,"2017-5-9 21:18:35",rainy
640,30,"2015-11-17 22:30:13",rainy
641,77,"2017-6-23 01:17:35",rainy
642,128,"2015-6-14 05:53:55",rainy
643,166,"2017-11-21 01:30:19",cloudy
644,184,"2015-2-8 15:20:15",rainy
645,4,"2016-7-14 04:05:55",snowy
646,165,"2020-11-26 18:18:33",sunny
647,137,"2018-1-11 05:57:41",rainy
648,181,"2017-9-14 00:43:16",sunny
649,132,"2016-2-13 01:55:05",sunny
650,138,"2019-10-12 21:04:23",snowy
651,174,"2017-6-2 18:48:21",rainy
652,2,"2016-2-12 19:54:40",snowy
653,176,"2017-5-22 20:31:55",sunny
654,112,"2018-10-21 22:26:14",rainy
655,99,"2016-12-1 17:13:06",rainy
656,84,"2020-6-1 06:27:49",snowy
657,127,"2018-9-12 20:04:15",snowy
658,53,"2020-6-4 08:13:34",cloudy
659,150,"2017-3-16 13:51:01",sunny
660,30,"2017-1-6 05:27:23",cloudy
661,119,"2020-11-8 06:55:51",cloudy
662,148,"2015-5-6 19:11:57",snowy
663,168,"2020-11-18 14:08:38",cloudy
664,72,"2019-2-1 10:11:44",sunny
665,57,"2018-10-5 02:14:33",sunny
666,64,"2015-7-16 19:55:41",snowy
667,31,"2020-1-21 10:58:17",sunny
668,196,"2016-11-23 04:27:43",sunny
669,176,"2017-6-25 00:18:47",snowy
670,40,"2015-2-23 05:17:56",rainy
671,116,"2015-7-16 11:19:04",cloudy
672,21,"2018-3-1 21:58:02",rainy
673,15,"2015-8-14 10:54:52",cloudy
674,100,"2016-4-10 04:30:05",rainy
675,160,"2017-3-28 08:11:38",snowy
676,104,"2020-8-14 03:39:42",rainy
677,148,"2020-10-14 09:19:59",cloudy
678,166,"2018-2-6 07:14:10",rainy
679,61,"2015-2-6 06:38:34",rainy
680,82,"2016-10-10 05:06:13",rainy
681,64,"2019-11-14 21:14:04",cloudy
682,57,"2019-4-6 08:47:39",rainy
683,69,"2019-1-9 12:28:10",rainy
684,3,"2018-2-15 20:49:27",rainy
685,95,"2016-2-24 06:17:39",sunny
686,50,"2020-12-10 03:58:51",rainy
687,55,"2017-4-16 03:47:50",sunny
688,43,"2017-6-19 03:31:36",snowy
689,115,"2019-9-9 09:34:41",sunny
690,194,"2016-2-9 12:31:42",cloudy
691,140,"2015-1-11 13:31:00",cloudy
692,77,"2015-8-28 08:29:49",cloudy
693,71,"2017-9-9 20:20:51",sunny
694,91,"2016-1-22 23:27:31",sunny
695,99,"2017-9-12 04:25:02",sunny
696,195,"2018-5-24 08:54:01",cloudy
697,126,"2015-7-2 16:25:17",snowy
698,62,"2015-9-20 20:04:15",sunny
699,146,"2016-3-23 08:46:24",cloudy
700,157,"2020-7-17 23:24:21",sunny
701,33,"2016-10-20 08:03:50",rainy
702,14,"2018-8-21 20:32:07",snowy
703,20,"2015-1-21 23:59:16",cloudy
704,46,"2017-2-14 20:00:40",cloudy
705,33,"2019-2-6 15:40:34",cloudy
706,74,"2015-10-27 08:07:39",sunny
707,106,"2016-10-24 18:23:53",snowy
708,40,"2019-4-13 14:43:13",rainy
709,29,"2020-11-23 03:42:07",snowy
710,135,"2019-9-20 12:43:13",snowy
711,173,"2020-8-2 02:56:41",snowy
712,86,"2016-3-20 09:06:00",snowy
713,146,"2016-7-27 06:14:36",cloudy
714,117,"2019-6-5 00:23:16",rainy
715,195,"2015-5-13 02:38:51",rainy
716,174,"2018-12-1 00:14:51",snowy
717,138,"2016-4-17 11:25:29",snowy
718,183,"2019-9-20 15:28:22",sunny
719,46,"2015-5-14 17:40:46",rainy
720,118,"2018-6-24 23:03:19",rainy
721,46,"2020-9-13 08:13:28",sunny
722,190,"2019-2-10 12:11:03",sunny
723,79,"2020-5-27 09:50:22",snowy
724,188,"2019-5-14 15:11:03",rainy
725,57,"2017-9-2 09:51:05",snowy
726,60,"2016-11-8 05:57:42",sunny
727,48,"2019-6-2 23:36:21",cloudy
728,129,"2017-10-13 11:50:06",sunny
729,150,"2020-6-24 16:55:07",sunny
730,116,"2016-1-16 22:08:04",sunny
731,131,"2020-5-23 20:36:03",snowy
732,67,"2017-6-16 08:32:35",snowy
733,179,"2019-1-22 14:55:16",rainy
734,55,"2016-4-7 17:52:57",sunny
735,171,"2017-11-2 07:03:01",snowy
736,31,"2016-3-1 12:55:43",cloudy
737,94,"2017-2-20 03:21:53",rainy
738,5,"2018-6-4 15:50:46",rainy
739,114,"2018-11-2 13:42:16",snowy
740,149,"2019-5-25 17:01:38",snowy
741,136,"2016-10-19 02:12:23",snowy
742,29,"2017-6-21 04:27:55",sunny
743,53,"2017-1-16 07:12:48",cloudy
744,189,"2016-10-2 11:47:17",rainy
745,60,"2017-3-20 06:58:38",sunny
746,105,"2020-6-28 14:58:33",snowy
747,24,"2018-6-8 08:20:49",cloudy
748,124,"2017-9-22 06:20:59",cloudy
749,68,"2015-12-16 04:21:00",sunny
750,18,"2019-11-15 14:53:40",cloudy
751,134,"2019-9-11 03:12:28",sunny
752,182,"2018-4-25 01:01:19",cloudy
753,117,"2019-3-10 17:48:55",snowy
754,198,"2019-11-6 19:21:05",cloudy
755,103,"2019-3-18 06:24:30",sunny
756,72,"2019-8-9 19:30:32",rainy
757,109,"2018-8-5 09:46:40",sunny
758,200,"2015-1-21 02:17:04",cloudy
759,18,"2019-9-3 21:20:55",cloudy
760,36,"2019-8-13 18:12:31",snowy
761,191,"2020-8-9 12:33:15",cloudy
762,172,"2018-8-11 17:48:10",rainy
763,114,"2016-10-7 20:19:50",snowy
764,151,"2016-4-21 01:50:29",rainy
765,68,"2016-8-27 15:21:46",sunny
766,54,"2019-9-18 10:11:53",sunny
767,29,"2018-2-22 05:23:16",sunny
768,110,"2016-10-12 18:56:37",rainy
769,148,"2016-3-15 05:07:44",sunny
770,16,"2020-6-15 00:48:26",rainy
771,83,"2020-6-12 06:03:45",sunny
772,33,"2015-4-15 19:00:35",sunny
773,187,"2018-8-14 05:19:40",cloudy
774,75,"2016-8-26 02:45:36",snowy
775,2,"2015-9-5 03:54:23",rainy
776,23,"2017-4-17 02:54:36",rainy
777,11,"2018-11-12 09:21:33",cloudy
778,111,"2017-2-22 17:47:49",rainy
779,159,"2019-11-28 18:39:24",rainy
780,5,"2019-10-27 19:19:36",cloudy
781,89,"2015-1-24 18:56:53",sunny
782,186,"2019-1-16 04:50:55",sunny
783,70,"2020-2-6 17:59:47",rainy
784,109,"2015-12-2 13:19:11",sunny
785,87,"2016-6-9 09:29:35",sunny
786,113,"2015-10-9 16:23:39",snowy
787,163,"2015-10-17 06:52:10",sunny
788,144,"2019-8-18 05:55:26",cloudy
789,128,"2018-3-21 09:28:34",sunny
790,48,"2018-7-28 05:19:19",snowy
791,141,"2018-10-19 19:11:54",rainy
792,198,"2016-11-9 20:38:41",cloudy
793,162,"2015-8-23 16:26:48",snowy
794,116,"2019-1-8 14:17:46",sunny
795,54,"2015-4-3 18:48:06",snowy
796,64,"2017-4-9 16:26:00",sunny
797,139,"2017-9-23 21:55:17",sunny
798,48,"2018-3-17 16:31:45",cloudy
799,156,"2020-10-28 14:01:40",snowy
800,30,"2018-11-28 16:48:28",cloudy
801,153,"2017-2-18 12:17:31",rainy
802,118,"2020-12-14 17:49:08",rainy
803,139,"2015-10-3 19:56:54",snowy
804,23,"2020-6-21 17:38:36",sunny
805,147,"2018-12-23 09:03:29",cloudy
806,140,"2015-4-16 14:59:30",sunny
807,126,"2015-3-1 06:59:41",snowy
808,37,"2019-6-20 11:01:16",sunny
809,104,"2015-10-4 08:02:12",sunny
810,51,"2015-2-16 11:55:21",snowy
811,66,"2015-9-5 20:13:18",rainy
812,192,"2019-5-21 10:02:51",sunny
813,84,"2015-4-27 15:33:38",cloudy
814,153,"2019-11-8 16:44:52",rainy
815,131,"2019-11-24 07:33:24",sunny
816,163,"2018-3-22 05:28:55",snowy
817,56,"2019-3-3 09:50:05",snowy
818,37,"2015-1-21 12:34:53",rainy
819,100,"2016-1-1 02:21:51",snowy
820,2,"2018-7-19 21:36:01",snowy
821,177,"2018-11-16 06:40:02",rainy
822,159,"2017-7-13 22:30:34",snowy
823,122,"2015-2-26 04:48:33",cloudy
824,67,"2017-1-24 05:34:44",rainy
825,102,"2020-3-12 13:21:14",snowy
826,90,"2018-8-22 07:39:21",cloudy
827,146,"2015-12-26 02:20:03",rainy
828,199,"2019-2-25 12:12:55",cloudy
829,84,"2020-9-22 18:08:07",sunny
830,121,"2017-9-21 12:59:02",cloudy
831,58,"2015-1-5 20:58:37",sunny
832,94,"2017-6-8 23:39:10",rainy
833,48,"2019-5-6 17:40:13",rainy
834,7,"2018-3-24 13:52:19",cloudy
835,150,"2016-7-15 14:41:10",cloudy
836,188,"2017-1-2 06:34:40",cloudy
837,19,"2016-4-25 07:44:34",sunny
838,196,"2017-3-9 10:51:34",snowy
839,16,"2016-5-15 10:39:49",sunny
840,58,"2015-5-1 09:44:35",snowy
841,174,"2015-2-19 10:23:11",rainy
842,185,"2020-12-28 12:11:59",cloudy
843,198,"2019-3-20 21:44:57",sunny
844,49,"2019-11-9 02:56:16",rainy
845,19,"2019-11-25 08:14:15",rainy
846,175,"2018-7-25 12:42:11",cloudy
847,169,"2019-3-16 11:17:31",sunny
848,185,"2016-2-14 03:08:52",cloudy
849,136,"2017-8-11 17:49:11",snowy
850,146,"2017-12-11 12:38:03",sunny
851,144,"2016-8-8 15:23:30",cloudy
852,3,"2020-6-27 18:56:28",cloudy
853,56,"2018-9-18 04:27:27",sunny
854,16,"2015-6-3 14:14:50",snowy
855,150,"2016-10-15 00:41:09",cloudy
856,126,"2015-11-15 00:29:26",sunny
857,185,"2016-3-22 09:33:13",cloudy
858,116,"2019-7-3 17:25:19",cloudy
859,90,"2019-4-11 20:16:20",cloudy
860,6,"2019-9-12 01:29:32",cloudy
861,106,"2016-5-20 13:07:18",sunny
862,4,"2016-8-26 16:51:27",snowy
863,59,"2020-3-5 17:24:22",sunny
864,79,"2015-1-12 20:09:02",rainy
865,14,"2020-6-25 03:44:03",rainy
866,130,"2020-11-2 20:50:00",snowy
867,17,"2015-8-25 23:46:46",snowy
868,149,"2017-2-24 13:12:54",cloudy
869,18,"2020-11-24 02:19:12",rainy
870,123,"2018-9-10 12:37:51",sunny
871,2,"2017-4-11 14:19:00",snowy
872,76,"2015-1-19 10:32:02",snowy
873,156,"2018-10-18 12:33:24",rainy
874,128,"2017-9-9 15:05:31",sunny
875,51,"2017-9-26 21:12:39",rainy
876,63,"2020-12-17 11:22:27",cloudy
877,31,"2015-2-17 22:39:36",rainy
878,70,"2018-12-6 18:20:30",cloudy
879,9,"2017-9-23 18:11:07",sunny
880,59,"2015-11-11 04:27:56",rainy
881,155,"2017-2-21 07:31:01",snowy
882,183,"2019-6-3 03:31:16",cloudy
883,81,"2018-1-28 01:03:43",rainy
884,87,"2017-4-23 11:58:21",snowy
885,195,"2015-5-5 15:43:04",snowy
886,73,"2017-6-1 02:18:16",sunny
887,164,"2019-5-23 01:45:16",snowy
888,94,"2016-6-19 13:33:27",snowy
889,170,"2015-10-15 09:34:59",snowy
890,164,"2015-10-19 07:36:50",rainy
891,45,"2017-10-8 09:04:56",rainy
892,139,"2019-1-1 22:13:36",rainy
893,149,"2015-2-2 14:12:32",cloudy
894,101,"2020-8-24 07:47:21",cloudy
895,170,"2018-8-12 13:19:43",snowy
896,118,"2015-11-3 00:08:55",rainy
897,57,"2017-1-7 13:24:43",cloudy
898,82,"2020-8-17 00:56:16",snowy
899,68,"2019-12-1 22:25:38",cloudy
900,54,"2019-5-26 01:53:43",sunny
901,3,"2015-5-18 19:03:50",rainy
902,134,"2015-2-24 14:17:59",cloudy
903,144,"2016-3-11 07:34:28",rainy
904,91,"2018-3-8 01:32:35",snowy
905,18,"2020-8-23 06:29:41",rainy
906,198,"2015-7-10 11:23:46",rainy
907,120,"2019-12-23 21:52:28",cloudy
908,90,"2019-7-27 22:03:17",cloudy
909,107,"2019-8-18 03:43:27",cloudy
910,112,"2020-1-14 04:36:01",cloudy
911,84,"2018-1-12 08:58:01",snowy
912,18,"2017-5-13 16:28:50",sunny
913,147,"2019-9-2 10:50:19",sunny
914,44,"2020-2-2 00:40:52",cloudy
915,13,"2016-1-10 20:43:50",cloudy
916,159,"2017-3-10 02:00:45",cloudy
917,82,"2020-11-26 16:41:06",snowy
918,52,"2019-11-18 13:43:08",sunny
919,62,"2019-7-14 17:50:59",sunny
920,44,"2018-10-17 00:41:18",cloudy
921,41,"2018-6-23 18:39:28",rainy
922,139,"2017-1-3 00:57:41",rainy
923,180,"2018-4-11 05:26:38",cloudy
924,51,"2020-6-8 15:17:00",cloudy
925,93,"2019-11-18 09:43:22",rainy
926,59,"2015-9-21 07:48:12",rainy
927,180,"2017-5-4 18:23:06",rainy
928,3,"2020-5-13 02:52:43",rainy
929,127,"2018-11-24 08:05:59",snowy
930,109,"2017-4-20 04:17:57",cloudy
931,172,"2019-6-25 04:25:32",sunny
932,10,"2019-8-16 10:05:48",sunny
933,131,"2017-5-11 17:33:43",cloudy
934,31,"2019-10-6 07:31:12",sunny
935,142,"2016-10-26 18:03:21",cloudy
936,43,"2016-6-9 16:44:59",rainy
937,28,"2019-3-24 12:41:33",rainy
938,72,"2019-6-12 09:47:39",cloudy
939,105,"2018-9-6 12:28:37",sunny
940,97,"2018-4-5 00:53:10",cloudy
941,155,"2016-7-17 13:48:04",cloudy
942,19,"2015-10-24 19:04:11",snowy
943,32,"2018-5-18 17:31:36",snowy
944,124,"2020-5-16 17:06:19",snowy
945,15,"2015-2-2 06:39:07",snowy
946,195,"2015-8-14 08:08:08",snowy
947,189,"2020-8-1 13:59:29",snowy
948,178,"2020-12-10 10:53:00",sunny
949,103,"2020-10-4 03:17:47",rainy
950,157,"2020-4-23 09:11:57",rainy
951,22,"2016-4-27 19:43:31",rainy
952,199,"2020-4-14 16:00:23",rainy
953,46,"2017-11-5 01:41:09",rainy
954,165,"2018-4-1 15:44:22",cloudy
955,54,"2016-1-11 00:25:21",rainy
956,42,"2016-12-21 21:34:00",rainy
957,142,"2018-8-8 17:05:21",cloudy
958,153,"2015-5-26 03:27:51",snowy
959,196,"2017-1-24 22:18:29",sunny
960,84,"2017-4-23 06:25:45",snowy
961,86,"2015-8-1 20:19:06",snowy
962,111,"2016-11-13 13:20:32",snowy
963,62,"2018-7-15 21:54:00",cloudy
964,1,"2018-8-15 07:03:10",snowy
965,101,"2017-6-16 07:46:27",sunny
966,35,"2017-3-23 10:36:28",snowy
967,190,"2020-2-18 09:33:21",snowy
968,29,"2018-2-18 23:12:05",cloudy
969,31,"2017-8-8 00:35:19",cloudy
970,131,"2018-8-21 20:27:54",rainy
971,183,"2015-3-25 21:31:19",snowy
972,60,"2016-7-22 14:58:03",sunny
973,141,"2016-12-8 06:31:31",sunny
974,34,"2016-11-13 15:57:46",rainy
975,83,"2020-7-24 23:29:54",rainy
976,23,"2020-9-8 06:23:39",sunny
977,105,"2017-3-6 21:04:23",cloudy
978,90,"2019-5-20 22:36:38",rainy
979,174,"2017-1-25 03:42:49",sunny
980,84,"2020-9-13 18:00:49",cloudy
981,90,"2018-2-14 02:20:52",rainy
982,120,"2015-2-24 04:34:30",cloudy
983,49,"2015-1-5 03:15:41",snowy
984,95,"2018-3-27 01:12:51",snowy
985,192,"2019-12-28 14:10:03",sunny
986,58,"2020-2-14 03:41:39",sunny
987,163,"2017-3-11 05:45:42",sunny
988,145,"2017-6-20 11:13:50",sunny
989,190,"2015-9-3 17:45:34",sunny
990,92,"2020-12-12 18:27:53",cloudy
991,73,"2016-8-18 06:26:16",sunny
992,136,"2019-2-8 07:30:08",cloudy
993,71,"2019-10-16 15:52:35",cloudy
994,85,"2017-6-9 05:31:09",sunny
995,36,"2016-3-12 09:50:51",sunny
996,128,"2017-6-17 02:58:16",snowy
997,142,"2017-10-4 05:24:47",sunny
998,34,"2018-5-17 07:21:58",cloudy
999,95,"2019-7-1 20:11:52",rainy
1000,8,"2017-5-21 16:14:59",cloudy
1001,174,"2018-6-4 07:36:43",rainy
1002,6,"2019-6-4 12:07:48",snowy
1003,147,"2018-1-10 01:27:21",snowy
1004,155,"2020-10-16 08:18:11",snowy
1005,34,"2019-11-9 08:25:42",sunny
1006,140,"2020-5-13 16:42:12",snowy
1007,189,"2019-12-20 22:36:22",snowy
1008,9,"2019-8-9 08:27:54",snowy
1009,186,"2018-3-5 04:59:40",sunny
1010,89,"2016-11-12 21:46:35",cloudy
1011,33,"2019-5-14 12:43:27",rainy
1012,119,"2018-3-14 01:01:30",cloudy
1013,31,"2017-4-2 19:57:24",rainy
1014,182,"2016-11-14 08:25:55",rainy
1015,105,"2018-7-1 10:50:39",rainy
1016,197,"2018-9-11 22:59:32",rainy
1017,18,"2018-2-26 17:38:41",sunny
1018,41,"2016-5-21 19:19:08",rainy
1019,195,"2020-3-9 14:19:23",snowy
1020,65,"2016-11-7 01:40:02",sunny
1021,184,"2019-3-7 15:29:24",cloudy
1022,143,"2018-8-2 21:55:37",sunny
1023,142,"2019-11-18 04:29:30",cloudy
1024,8,"2015-8-10 10:53:59",snowy
1025,56,"2019-1-15 19:20:06",sunny
1026,82,"2017-9-8 07:52:16",cloudy
1027,191,"2019-7-2 11:24:38",sunny
1028,24,"2015-5-1 17:45:14",cloudy
1029,66,"2020-9-2 17:33:20",sunny
1030,187,"2015-3-4 06:03:22",cloudy
1031,101,"2017-7-6 16:41:03",cloudy
1032,159,"2017-5-2 12:53:36",snowy
1033,128,"2017-9-14 01:39:48",snowy
1034,58,"2016-12-4 10:12:47",sunny
1035,19,"2017-11-26 20:13:52",cloudy
1036,93,"2020-5-23 08:31:55",cloudy
1037,93,"2018-10-6 04:19:51",snowy
1038,144,"2018-11-12 10:56:42",cloudy
1039,135,"2020-11-10 20:33:13",sunny
1040,57,"2016-7-6 20:56:04",cloudy
1041,97,"2020-11-25 06:13:15",rainy
1042,132,"2018-6-25 14:48:50",rainy
1043,46,"2019-7-26 14:24:01",snowy
1044,54,"2020-1-15 02:20:10",sunny
1045,129,"2018-12-22 01:29:59",sunny
1046,103,"2017-3-10 00:57:40",cloudy
1047,113,"2019-11-8 18:15:11",snowy
1048,70,"2017-5-7 03:47:34",rainy
1049,110,"2015-2-23 06:16:06",rainy
1050,52,"2018-9-28 11:49:10",rainy
1051,123,"2019-11-16 13:43:03",rainy
1052,168,"2015-9-15 12:45:48",sunny
1053,193,"2018-6-22 14:20:42",cloudy
1054,43,"2015-5-25 22:49:16",cloudy
1055,155,"2017-2-24 00:44:44",sunny
1056,52,"2019-4-18 10:41:42",sunny
1057,98,"2017-12-9 04:37:10",rainy
1058,65,"2020-5-24 14:35:37",sunny
1059,155,"2015-1-25 03:17:33",sunny
1060,44,"2019-6-10 06:45:35",cloudy
1061,117,"2015-4-28 20:34:43",rainy
1062,9,"2016-5-14 09:04:55",sunny
1063,107,"2017-9-17 16:01:53",rainy
1064,135,"2020-3-9 21:30:37",snowy
1065,188,"2017-7-27 12:35:46",rainy
1066,124,"2016-2-5 21:07:27",rainy
1067,87,"2019-4-24 15:14:02",sunny
1068,63,"2020-10-1 08:26:55",cloudy
1069,183,"2019-1-6 14:42:51",cloudy
1070,12,"2017-6-19 09:38:34",rainy
1071,175,"2019-8-1 00:37:17",sunny
1072,108,"2018-3-18 01:00:42",cloudy
1073,173,"2018-2-20 15:47:23",cloudy
1074,15,"2020-4-23 14:21:02",cloudy
1075,177,"2016-1-7 13:35:04",rainy
1076,133,"2020-8-7 19:54:40",cloudy
1077,21,"2018-10-6 01:16:08",snowy
1078,17,"2017-9-7 00:15:01",cloudy
1079,137,"2016-4-5 04:29:57",cloudy
1080,135,"2019-8-28 14:43:53",sunny
1081,164,"2019-11-16 02:16:07",sunny
1082,57,"2020-11-7 11:51:14",snowy
1083,58,"2016-1-9 11:31:15",sunny
1084,135,"2020-5-19 13:09:11",rainy
1085,92,"2020-7-3 07:20:07",cloudy
1086,155,"2018-12-24 05:32:35",rainy
1087,174,"2016-2-11 14:26:12",sunny
1088,7,"2016-5-26 18:50:36",sunny
1089,79,"2017-11-12 11:23:50",sunny
1090,71,"2017-12-16 08:37:12",rainy
1091,144,"2016-11-22 11:34:20",sunny
1092,195,"2016-10-11 19:07:34",snowy
1093,49,"2019-4-10 03:46:54",snowy
1094,179,"2020-1-7 11:25:33",sunny
1095,29,"2020-2-6 08:05:31",snowy
1096,118,"2018-1-20 08:47:57",cloudy
1097,10,"2019-8-25 11:09:39",sunny
1098,162,"2018-1-25 23:10:06",sunny
1099,109,"2017-1-7 10:25:11",sunny
1100,27,"2015-10-9 11:32:22",sunny
1101,113,"2015-5-16 15:58:04",snowy
1102,19,"2015-12-16 04:28:32",cloudy
1103,21,"2017-10-6 11:11:48",snowy
1104,182,"2018-9-17 21:26:05",rainy
1105,180,"2020-12-16 01:33:28",snowy
1106,41,"2017-6-2 09:29:24",snowy
1107,29,"2020-8-25 05:10:09",sunny
1108,96,"2018-7-13 06:55:07",snowy
1109,8,"2020-7-1 00:01:13",sunny
1110,1,"2018-8-14 11:37:04",snowy
1111,11,"2018-7-12 23:12:29",sunny
1112,48,"2017-4-7 18:45:18",cloudy
1113,5,"2015-7-15 01:22:08",sunny
1114,86,"2020-6-9 02:31:39",sunny
1115,40,"2018-1-9 05:06:26",rainy
1116,37,"2017-6-25 12:44:33",rainy
1117,104,"2017-1-16 21:25:50",rainy
1118,155,"2015-2-27 22:10:00",snowy
1119,61,"2020-12-6 04:12:31",rainy
1120,163,"2016-10-9 21:25:20",cloudy
1121,40,"2019-2-22 11:04:10",snowy
1122,113,"2015-5-17 21:37:39",snowy
1123,133,"2017-12-12 14:46:52",snowy
1124,186,"2016-2-3 08:57:02",snowy
1125,21,"2015-2-21 20:30:03",sunny
1126,48,"2017-8-21 04:51:38",snowy
1127,13,"2020-4-13 09:02:28",snowy
1128,102,"2017-10-6 09:47:12",sunny
1129,89,"2016-7-26 01:53:25",rainy
1130,170,"2020-1-8 04:05:50",snowy
1131,123,"2020-5-7 17:24:18",cloudy
1132,22,"2016-6-9 22:10:25",snowy
1133,40,"2016-6-19 20:06:33",snowy
1134,47,"2019-10-13 23:45:10",cloudy
1135,190,"2018-7-9 17:25:55",sunny
1136,165,"2015-6-26 16:54:26",sunny
1137,138,"2017-8-11 17:00:35",snowy
1138,101,"2019-7-27 17:03:47",rainy
1139,148,"2015-3-12 11:28:48",sunny
1140,32,"2015-10-5 16:05:01",rainy
1141,62,"2020-5-18 12:53:45",snowy
1142,84,"2020-1-25 21:34:51",sunny
1143,15,"2016-2-7 17:12:00",sunny
1144,126,"2019-5-15 19:19:19",sunny
1145,53,"2018-10-25 11:44:01",cloudy
1146,174,"2017-3-16 03:26:59",snowy
1147,37,"2015-3-3 04:53:02",rainy
1148,44,"2020-7-24 03:44:53",cloudy
1149,39,"2016-4-24 16:19:08",cloudy
1150,83,"2019-6-24 22:18:34",snowy
1151,11,"2019-7-10 05:57:48",snowy
1152,75,"2016-6-2 11:54:46",rainy
1153,50,"2016-7-25 23:01:21",sunny
1154,70,"2020-10-6 14:41:25",rainy
1155,38,"2015-10-1 15:33:21",sunny
1156,110,"2015-9-13 12:58:25",cloudy
1157,97,"2020-11-27 23:13:50",cloudy
1158,160,"2015-9-5 07:15:02",sunny
1159,123,"2020-8-20 07:43:06",snowy
1160,160,"2017-5-3 11:44:15",rainy
1161,134,"2017-9-23 15:51:37",snowy
1162,184,"2018-2-12 20:21:47",sunny
1163,31,"2018-4-1 07:42:16",sunny
1164,121,"2019-6-19 02:38:17",rainy
1165,27,"2015-4-11 11:59:12",cloudy
1166,140,"2019-9-19 00:18:38",sunny
1167,32,"2017-3-23 09:30:40",sunny
1168,61,"2015-10-23 23:00:49",rainy
1169,88,"2018-4-21 14:12:32",rainy
1170,75,"2017-5-25 23:50:42",snowy
1171,119,"2020-10-19 16:15:19",rainy
1172,55,"2016-3-26 00:18:14",cloudy
1173,12,"2017-7-10 04:04:01",snowy
1174,186,"2016-9-22 17:35:42",rainy
1175,81,"2017-8-10 13:51:17",cloudy
1176,115,"2019-10-25 03:23:04",sunny
1177,161,"2017-7-16 22:46:22",sunny
1178,42,"2020-11-18 05:16:38",rainy
1179,5,"2019-9-25 19:08:43",snowy
1180,184,"2020-2-7 10:03:55",cloudy
1181,23,"2020-8-9 22:47:10",snowy
1182,88,"2017-10-14 22:05:48",cloudy
1183,9,"2020-1-21 21:06:38",sunny
1184,97,"2020-4-27 12:18:09",sunny
1185,53,"2016-4-24 17:44:02",sunny
1186,139,"2017-12-23 08:24:45",snowy
1187,170,"2017-10-19 18:44:18",sunny
1188,165,"2019-5-14 23:18:26",snowy
1189,196,"2019-1-2 21:10:18",snowy
1190,46,"2019-3-21 21:55:16",rainy
1191,70,"2016-4-13 10:31:22",cloudy
1192,156,"2017-6-10 14:34:38",cloudy
1193,78,"2018-2-28 12:51:54",snowy
1194,158,"2019-4-26 21:25:00",cloudy
1195,160,"2019-9-16 14:16:33",cloudy
1196,180,"2019-8-8 13:45:10",cloudy
1197,69,"2015-4-22 20:52:55",sunny
1198,172,"2020-3-27 04:17:09",sunny
1199,150,"2016-7-12 12:22:42",snowy
1200,41,"2016-10-24 10:13:59",sunny
1201,177,"2018-9-6 02:05:20",sunny
1202,151,"2015-11-24 13:59:58",sunny
1203,152,"2018-6-12 21:27:54",rainy
1204,137,"2019-7-25 01:26:38",cloudy
1205,104,"2015-3-26 08:38:21",sunny
1206,19,"2019-3-4 01:27:18",sunny
1207,122,"2020-10-11 14:56:34",sunny
1208,64,"2020-5-10 22:08:02",snowy
1209,79,"2015-11-2 22:09:22",cloudy
1210,132,"2020-6-20 00:12:12",rainy
1211,137,"2015-8-1 00:50:42",rainy
1212,45,"2019-12-16 01:52:01",snowy
1213,156,"2020-9-6 04:00:42",snowy
1214,185,"2015-4-21 21:35:16",cloudy
1215,41,"2019-3-7 15:21:45",snowy
1216,51,"2015-11-11 04:40:55",cloudy
1217,35,"2019-9-7 11:43:40",cloudy
1218,141,"2019-5-17 12:29:53",sunny
1219,184,"2018-6-5 16:20:00",rainy
1220,112,"2017-2-19 02:19:20",rainy
1221,55,"2017-2-9 07:13:02",cloudy
1222,148,"2017-7-21 03:12:51",rainy
1223,125,"2019-9-6 00:00:01",cloudy
1224,111,"2020-1-23 15:12:51",snowy
1225,123,"2018-2-20 00:29:46",cloudy
1226,174,"2016-9-8 10:42:00",rainy
1227,195,"2020-3-3 23:00:14",sunny
1228,151,"2018-9-8 03:13:12",snowy
1229,70,"2020-11-2 17:48:18",rainy
1230,39,"2015-12-27 03:33:18",snowy
1231,96,"2016-4-18 03:39:00",cloudy
1232,113,"2015-10-23 06:49:34",cloudy
1233,137,"2019-6-6 23:46:45",rainy
1234,1,"2019-5-14 12:56:11",rainy
1235,115,"2015-1-20 21:30:24",cloudy
1236,161,"2017-12-18 09:49:21",rainy
1237,118,"2019-5-24 00:33:49",rainy
1238,129,"2019-5-22 00:24:23",snowy
1239,35,"2016-3-24 14:54:14",cloudy
1240,187,"2017-2-19 11:36:39",sunny
1241,192,"2016-2-10 21:40:57",cloudy
1242,133,"2017-3-12 13:20:11",cloudy
1243,167,"2019-11-17 16:51:17",sunny
1244,149,"2015-3-1 19:53:57",sunny
1245,75,"2018-1-25 19:15:51",snowy
1246,177,"2017-1-21 04:26:52",snowy
1247,25,"2020-3-12 01:16:03",cloudy
1248,179,"2019-1-4 07:18:15",cloudy
1249,195,"2019-7-4 03:18:17",rainy
1250,55,"2017-4-15 04:05:41",snowy
1251,19,"2017-3-6 07:51:30",snowy
1252,144,"2015-9-8 18:03:08",cloudy
1253,99,"2020-11-25 21:40:35",rainy
1254,24,"2020-9-4 07:42:53",sunny
1255,16,"2020-11-11 07:33:56",snowy
1256,174,"2016-11-18 00:23:55",cloudy
1257,47,"2019-10-4 12:47:57",cloudy
1258,8,"2015-6-16 21:44:51",sunny
1259,34,"2015-3-26 03:49:56",rainy
1260,190,"2016-12-16 17:27:11",rainy
1261,106,"2016-11-12 22:02:44",snowy
1262,59,"2017-4-22 16:16:25",rainy
1263,126,"2018-1-28 16:44:19",rainy
1264,173,"2016-5-22 23:50:40",rainy
1265,81,"2019-8-18 19:04:41",sunny
1266,185,"2018-1-16 16:15:23",snowy
1267,38,"2015-10-12 07:32:46",snowy
1268,48,"2019-5-14 15:39:14",sunny
1269,21,"2016-9-28 06:08:31",snowy
1270,81,"2018-9-24 20:02:51",sunny
1271,128,"2015-10-17 17:35:24",cloudy
1272,199,"2016-12-11 05:56:07",sunny
1273,27,"2016-3-28 18:27:12",sunny
1274,51,"2018-4-18 08:22:06",cloudy
1275,118,"2018-10-25 20:59:51",rainy
1276,148,"2018-2-16 11:20:58",sunny
1277,125,"2018-11-17 23:54:39",cloudy
1278,198,"2019-12-11 05:59:05",rainy
1279,144,"2017-7-26 00:58:07",cloudy
1280,71,"2016-3-2 06:59:46",cloudy
1281,51,"2017-5-2 05:14:01",sunny
1282,51,"2018-10-3 12:26:14",snowy
1283,120,"2015-11-6 22:05:09",cloudy
1284,148,"2017-3-3 03:49:52",snowy
1285,24,"2018-12-26 20:21:06",sunny
1286,43,"2020-6-21 23:24:54",cloudy
1287,59,"2017-5-4 09:21:34",rainy
1288,26,"2015-7-25 22:18:45",snowy
1289,196,"2017-11-24 03:36:46",snowy
1290,17,"2017-4-20 11:19:44",sunny
1291,42,"2016-9-28 09:22:32",rainy
1292,61,"2016-6-8 22:30:14",rainy
1293,106,"2017-8-22 10:52:50",rainy
1294,165,"2015-4-19 09:48:25",sunny
1295,161,"2016-2-8 15:11:17",sunny
1296,42,"2020-2-25 08:21:03",sunny
1297,152,"2017-8-21 00:03:02",snowy
1298,143,"2019-1-27 21:51:30",snowy
1299,60,"2019-8-3 01:37:55",cloudy
1300,148,"2018-12-13 08:34:32",snowy
1301,143,"2019-8-13 12:27:39",cloudy
1302,23,"2017-5-13 05:06:25",rainy
1303,68,"2017-1-23 18:44:49",sunny
1304,85,"2017-11-11 06:24:52",snowy
1305,77,"2016-6-23 18:09:41",snowy
1306,85,"2015-11-3 22:59:42",snowy
1307,22,"2019-12-21 14:17:05",sunny
1308,175,"2015-12-6 09:29:07",sunny
1309,147,"2015-10-20 20:13:51",snowy
1310,191,"2018-8-23 18:41:57",rainy
1311,164,"2019-6-23 01:52:03",sunny
1312,161,"2016-2-18 00:05:09",sunny
1313,8,"2017-6-18 12:57:42",rainy
1314,158,"2020-1-1 14:57:10",rainy
1315,175,"2016-10-1 09:08:32",rainy
1316,166,"2019-8-7 08:11:29",rainy
1317,144,"2017-3-4 14:01:03",sunny
1318,82,"2019-2-27 19:54:29",rainy
1319,2,"2019-11-8 22:52:43",rainy
1320,97,"2018-2-15 00:11:24",rainy
1321,68,"2017-4-28 08:33:31",snowy
1322,135,"2019-2-25 08:15:39",cloudy
1323,171,"2020-4-2 01:08:26",cloudy
1324,175,"2018-8-12 16:33:31",cloudy
1325,159,"2020-4-3 06:03:02",sunny
1326,43,"2020-4-9 14:44:16",rainy
1327,44,"2020-12-6 13:07:49",snowy
1328,48,"2020-5-6 21:34:10",rainy
1329,52,"2020-7-26 08:10:51",rainy
1330,94,"2020-3-21 05:36:01",cloudy
1331,110,"2020-9-18 14:35:07",sunny
1332,79,"2015-7-18 17:43:45",cloudy
1333,38,"2018-3-26 00:15:40",snowy
1334,141,"2018-1-11 12:44:23",sunny
1335,123,"2019-4-15 06:50:25",rainy
1336,164,"2020-3-10 23:58:19",rainy
1337,71,"2018-7-6 02:51:03",cloudy
1338,15,"2016-1-28 01:02:41",cloudy
1339,145,"2020-9-12 23:53:15",sunny
1340,28,"2019-12-7 22:25:10",rainy
1341,6,"2016-3-2 18:33:32",snowy
1342,134,"2015-8-2 03:25:15",rainy
1343,59,"2018-12-27 15:59:45",snowy
1344,187,"2016-9-28 02:26:55",sunny
1345,146,"2018-10-5 02:56:57",cloudy
1346,118,"2020-5-2 21:25:19",cloudy
1347,27,"2018-4-2 06:12:29",rainy
1348,73,"2019-1-5 12:59:25",cloudy
1349,152,"2017-9-8 11:28:01",rainy
1350,114,"2020-12-19 20:40:31",rainy
1351,153,"2017-9-22 06:30:25",snowy
1352,10,"2020-12-19 16:03:46",snowy
1353,50,"2020-3-23 20:38:36",snowy
1354,52,"2020-11-13 12:44:08",rainy
1355,35,"2016-3-16 05:42:27",rainy
1356,175,"2017-9-19 02:19:25",sunny
1357,125,"2016-1-12 08:09:49",rainy
1358,6,"2015-6-13 02:02:01",cloudy
1359,95,"2017-1-4 07:04:46",rainy
1360,113,"2019-4-15 00:08:23",rainy
1361,10,"2015-9-20 20:18:56",cloudy
1362,94,"2020-3-15 16:42:06",rainy
1363,150,"2017-5-21 18:48:15",rainy
1364,165,"2019-2-17 06:03:20",sunny
1365,123,"2016-12-18 08:47:42",cloudy
1366,30,"2020-1-6 02:14:29",snowy
1367,46,"2020-10-20 23:37:20",rainy
1368,169,"2017-10-17 10:37:00",cloudy
1369,77,"2020-4-5 01:17:18",sunny
1370,121,"2015-2-7 22:27:18",cloudy
1371,69,"2020-8-3 03:10:40",rainy
1372,100,"2015-1-13 16:22:39",snowy
1373,146,"2019-6-26 05:03:52",sunny
1374,32,"2017-9-8 14:41:09",rainy
1375,55,"2015-7-7 15:29:31",rainy
1376,22,"2018-11-2 00:21:59",snowy
1377,125,"2019-2-15 07:14:13",rainy
1378,62,"2015-10-18 06:37:38",snowy
1379,176,"2015-6-13 15:08:51",sunny
1380,100,"2020-1-20 19:23:20",sunny
1381,3,"2016-4-11 18:08:35",rainy
1382,144,"2016-1-15 22:38:29",snowy
1383,161,"2016-12-8 21:40:15",cloudy
1384,47,"2019-4-5 21:10:22",snowy
1385,123,"2015-3-26 14:00:55",cloudy
1386,68,"2017-2-2 04:04:52",rainy
1387,45,"2016-2-26 03:45:52",snowy
1388,99,"2018-1-24 20:32:13",rainy
1389,89,"2016-10-9 16:00:36",cloudy
1390,131,"2020-11-11 00:07:01",sunny
1391,140,"2020-3-4 13:19:47",sunny
1392,148,"2020-4-16 13:34:01",sunny
1393,200,"2020-4-14 23:56:35",rainy
1394,168,"2017-1-1 09:21:10",cloudy
1395,168,"2020-1-4 07:38:23",cloudy
1396,116,"2016-3-6 21:18:49",rainy
1397,106,"2016-12-22 02:41:45",cloudy
1398,7,"2017-12-26 05:11:35",snowy
1399,191,"2019-7-19 04:23:57",rainy
1400,23,"2019-11-17 10:28:18",rainy
1401,17,"2017-11-26 15:24:09",rainy
1402,79,"2015-1-3 15:56:05",snowy
1403,18,"2016-8-11 23:34:21",rainy
1404,9,"2015-8-8 18:01:39",snowy
1405,141,"2016-7-21 03:30:48",cloudy
1406,137,"2019-3-10 21:35:55",cloudy
1407,151,"2015-12-26 12:45:01",cloudy
1408,57,"2017-4-4 23:51:29",snowy
1409,90,"2019-8-14 14:25:21",snowy
1410,15,"2018-11-25 04:51:26",cloudy
1411,93,"2017-10-27 23:40:36",sunny
1412,34,"2017-7-15 21:11:07",cloudy
1413,175,"2018-9-25 06:55:49",cloudy
1414,16,"2015-4-19 06:07:01",cloudy
1415,13,"2018-3-7 19:10:36",rainy
1416,168,"2016-9-9 09:29:19",sunny
1417,157,"2019-5-11 23:06:49",snowy
1418,182,"2016-1-10 16:39:56",rainy
1419,153,"2015-4-15 02:07:22",sunny
1420,105,"2018-8-5 04:36:12",rainy
1421,193,"2019-2-7 21:30:53",rainy
1422,176,"2015-3-27 22:20:13",cloudy
1423,119,"2017-4-24 20:58:13",sunny
1424,178,"2016-11-5 02:29:00",rainy
1425,78,"2018-9-21 08:02:28",sunny
1426,8,"2017-6-12 13:47:53",sunny
1427,21,"2019-9-27 07:57:59",rainy
1428,196,"2015-4-2 11:28:22",rainy
1429,12,"2016-4-6 09:07:08",rainy
1430,50,"2015-4-13 10:01:38",sunny
1431,93,"2018-12-11 00:24:16",rainy
1432,34,"2017-2-5 03:36:54",cloudy
1433,2,"2020-10-25 02:34:12",cloudy
1434,61,"2015-8-7 06:41:40",snowy
1435,137,"2015-6-12 05:25:38",cloudy
1436,106,"2017-1-23 23:58:23",sunny
1437,72,"2016-12-22 14:56:08",cloudy
1438,61,"2016-1-2 15:23:09",rainy
1439,164,"2015-10-7 07:02:57",sunny
1440,96,"2016-6-20 14:34:09",snowy
1441,23,"2020-1-12 18:25:30",sunny
1442,22,"2017-9-13 11:08:25",sunny
1443,16,"2017-5-21 01:12:56",cloudy
1444,180,"2016-12-17 17:30:09",cloudy
1445,199,"2015-5-3 17:54:40",cloudy
1446,95,"2017-2-12 02:17:30",snowy
1447,22,"2020-4-19 21:55:16",cloudy
1448,69,"2018-6-7 04:56:40",sunny
1449,57,"2016-7-17 21:38:52",sunny
1450,167,"2016-4-13 07:57:18",snowy
1451,163,"2020-10-9 06:36:01",sunny
1452,90,"2019-8-28 18:05:47",cloudy
1453,94,"2017-7-26 21:59:33",snowy
1454,60,"2019-1-12 23:19:15",sunny
1455,96,"2020-9-26 13:35:54",rainy
1456,32,"2019-10-2 12:02:33",rainy
1457,25,"2020-4-8 08:12:26",rainy
1458,192,"2019-2-11 14:00:39",cloudy
1459,191,"2020-2-22 10:45:11",cloudy
1460,40,"2019-7-13 09:51:41",rainy
1461,109,"2018-6-6 02:53:31",snowy
1462,176,"2018-7-9 05:30:09",sunny
1463,89,"2020-12-14 13:23:46",cloudy
1464,24,"2015-12-5 14:54:36",snowy
1465,22,"2016-6-23 09:39:55",rainy
1466,130,"2018-7-2 02:32:22",rainy
1467,122,"2015-4-5 10:28:36",cloudy
1468,158,"2017-12-4 07:39:59",rainy
1469,25,"2019-6-13 04:11:45",cloudy
1470,14,"2020-6-8 07:52:03",snowy
1471,74,"2019-10-14 15:51:13",snowy
1472,10,"2016-3-14 10:56:27",sunny
1473,102,"2015-9-19 22:29:58",sunny
1474,79,"2019-2-7 04:41:43",sunny
1475,191,"2018-6-2 18:04:55",rainy
1476,166,"2017-7-18 20:28:38",rainy
1477,181,"2019-8-16 20:33:13",snowy
1478,13,"2018-11-18 12:48:44",cloudy
1479,170,"2017-10-22 01:46:00",rainy
1480,145,"2016-7-2 06:40:45",snowy
1481,178,"2015-5-18 03:34:10",cloudy
1482,95,"2016-12-10 14:14:15",cloudy
1483,65,"2020-4-25 17:16:11",cloudy
1484,19,"2017-10-27 21:57:33",cloudy
1485,19,"2017-2-17 08:21:40",sunny
1486,171,"2017-1-21 20:49:14",cloudy
1487,199,"2019-5-26 14:10:37",snowy
1488,35,"2019-11-27 19:58:52",cloudy
1489,192,"2019-10-9 23:00:20",snowy
1490,124,"2018-1-5 02:09:58",rainy
1491,187,"2015-1-3 08:08:31",snowy
1492,182,"2016-9-10 07:36:21",rainy
1493,149,"2015-10-17 18:52:55",sunny
1494,65,"2020-2-18 14:44:06",rainy
1495,13,"2020-1-1 18:51:06",cloudy
1496,74,"2016-7-17 20:59:57",snowy
1497,126,"2018-3-24 05:32:23",cloudy
1498,54,"2017-12-10 15:24:15",sunny
1499,120,"2017-5-5 02:49:36",snowy
1500,29,"2020-10-24 13:32:56",cloudy
1501,131,"2020-3-20 14:02:02",snowy
1502,95,"2015-2-22 15:47:40",cloudy
1503,158,"2015-3-16 04:23:27",rainy
1504,21,"2016-12-9 02:43:30",rainy
1505,125,"2015-12-8 17:43:59",rainy
1506,100,"2017-3-25 22:07:55",snowy
1507,103,"2019-2-12 23:45:58",snowy
1508,155,"2017-11-13 16:50:48",cloudy
1509,167,"2018-10-9 21:58:29",rainy
1510,69,"2016-6-6 02:39:19",rainy
1511,116,"2015-8-18 23:23:46",sunny
1512,24,"2020-12-21 13:22:57",snowy
1513,92,"2018-7-10 19:20:02",cloudy
1514,19,"2018-11-8 19:40:00",snowy
1515,125,"2015-1-1 18:27:25",snowy
1516,136,"2015-10-22 05:01:01",rainy
1517,192,"2016-11-28 16:24:49",sunny
1518,115,"2017-1-6 10:06:51",rainy
1519,88,"2016-9-18 02:24:28",cloudy
1520,74,"2015-11-11 21:10:32",rainy
1521,41,"2020-11-25 12:11:19",rainy
1522,44,"2019-8-18 04:56:49",rainy
1523,72,"2015-7-26 21:56:25",cloudy
1524,29,"2020-9-14 01:18:03",cloudy
1525,81,"2016-11-18 14:46:20",rainy
1526,79,"2015-4-7 19:38:07",snowy
1527,5,"2015-5-25 05:11:51",snowy
1528,57,"2016-7-18 12:28:48",cloudy
1529,7,"2016-6-11 14:19:11",snowy
1530,62,"2020-2-20 11:24:17",rainy
1531,74,"2020-1-13 08:27:33",cloudy
1532,193,"2020-5-3 01:50:30",rainy
1533,173,"2020-5-22 08:13:41",sunny
1534,77,"2016-11-17 06:50:50",rainy
1535,149,"2020-7-1 05:18:34",sunny
1536,134,"2019-3-19 13:40:32",cloudy
1537,107,"2018-7-10 16:53:27",cloudy
1538,59,"2020-9-11 00:28:44",sunny
1539,49,"2015-3-24 20:46:38",cloudy
1540,181,"2015-4-18 18:16:20",cloudy
1541,163,"2017-6-11 06:33:03",rainy
1542,128,"2019-4-17 09:40:27",cloudy
1543,53,"2020-3-9 07:32:35",cloudy
1544,155,"2017-7-21 09:25:01",sunny
1545,73,"2018-8-24 05:33:50",cloudy
1546,110,"2020-8-9 10:48:47",sunny
1547,163,"2018-12-6 09:50:32",snowy
1548,87,"2018-1-7 08:26:09",sunny
1549,155,"2020-7-22 20:44:31",snowy
1550,155,"2020-10-7 11:25:30",rainy
1551,53,"2019-5-23 21:20:24",snowy
1552,103,"2018-1-24 05:47:00",sunny
1553,120,"2019-10-11 16:25:15",sunny
1554,24,"2019-5-23 07:29:53",cloudy
1555,126,"2018-11-21 15:55:27",snowy
1556,57,"2020-1-7 10:27:12",cloudy
1557,188,"2018-7-8 22:16:30",cloudy
1558,5,"2019-1-21 10:45:32",cloudy
1559,157,"2020-6-24 20:43:49",snowy
1560,3,"2019-8-6 05:14:45",snowy
1561,175,"2015-7-27 03:04:18",snowy
1562,186,"2018-3-16 07:12:01",snowy
1563,41,"2019-2-21 00:30:35",rainy
1564,157,"2017-12-16 22:13:44",cloudy
1565,194,"2015-6-20 10:38:53",rainy
1566,151,"2017-10-15 17:37:48",rainy
1567,140,"2017-12-26 17:10:10",sunny
1568,119,"2020-8-27 07:27:53",rainy
1569,91,"2016-2-14 13:53:51",rainy
1570,18,"2017-1-28 21:10:20",cloudy
1571,150,"2019-6-19 00:30:29",rainy
1572,119,"2019-8-12 08:29:28",snowy
1573,171,"2015-12-15 03:01:54",rainy
1574,144,"2018-1-15 14:42:06",cloudy
1575,61,"2020-5-9 13:57:51",sunny
1576,171,"2017-11-20 02:16:50",rainy
1577,37,"2015-5-20 05:23:30",snowy
1578,58,"2019-11-16 10:40:51",sunny
1579,60,"2015-6-12 03:12:33",snowy
1580,21,"2018-10-9 11:00:31",rainy
1581,200,"2020-3-26 18:59:33",sunny
1582,66,"2016-11-7 19:02:26",snowy
1583,180,"2018-8-5 14:24:57",rainy
1584,110,"2016-1-8 18:17:58",sunny
1585,103,"2016-10-25 13:09:36",rainy
1586,164,"2018-4-21 00:55:49",rainy
1587,8,"2015-3-28 15:35:16",sunny
1588,26,"2016-3-7 07:26:22",cloudy
1589,155,"2015-10-6 21:27:05",cloudy
1590,13,"2019-3-6 12:57:02",sunny
1591,71,"2020-7-25 15:10:57",cloudy
1592,55,"2019-6-22 20:31:12",rainy
1593,154,"2015-4-7 05:54:19",sunny
1594,197,"2016-6-10 02:10:35",cloudy
1595,127,"2016-11-21 12:06:32",rainy
1596,144,"2015-7-11 13:25:46",sunny
1597,113,"2019-4-25 20:53:39",cloudy
1598,152,"2017-8-3 08:51:18",sunny
1599,35,"2018-11-11 22:06:24",rainy
1600,148,"2020-3-12 02:14:31",rainy
1601,171,"2019-9-16 09:39:36",rainy
1602,174,"2018-7-15 21:58:53",cloudy
1603,129,"2017-2-5 07:53:59",rainy
1604,193,"2019-2-24 18:16:19",rainy
1605,104,"2018-7-18 18:18:20",cloudy
1606,48,"2017-2-20 02:05:32",rainy
1607,12,"2015-11-17 13:38:07",cloudy
1608,43,"2019-11-19 13:13:59",sunny
1609,147,"2017-10-7 10:48:00",snowy
1610,146,"2019-11-6 00:55:54",sunny
1611,24,"2020-3-5 20:10:41",rainy
1612,188,"2018-11-2 07:21:25",snowy
1613,88,"2015-9-18 21:43:09",sunny
1614,142,"2017-5-15 17:57:44",rainy
1615,154,"2016-10-18 21:44:37",snowy
1616,192,"2016-11-2 13:57:40",cloudy
1617,197,"2019-8-5 19:09:52",sunny
1618,108,"2020-8-25 06:34:04",snowy
1619,3,"2017-3-12 14:11:01",snowy
1620,152,"2017-5-22 14:08:07",cloudy
1621,109,"2015-11-27 22:17:17",sunny
1622,152,"2018-8-19 06:59:35",snowy
1623,185,"2019-8-18 06:53:32",cloudy
1624,76,"2017-6-8 21:41:46",snowy
1625,144,"2020-2-27 23:40:39",rainy
1626,122,"2016-5-4 05:44:36",sunny
1627,45,"2017-2-7 17:38:06",sunny
1628,147,"2018-12-27 03:00:21",sunny
1629,93,"2019-11-15 16:18:33",sunny
1630,76,"2016-1-20 23:23:19",cloudy
1631,191,"2015-3-24 19:42:25",cloudy
1632,21,"2015-3-8 14:24:04",cloudy
1633,39,"2020-9-17 11:56:09",sunny
1634,135,"2019-2-23 04:46:03",snowy
1635,154,"2018-6-22 12:33:22",sunny
1636,87,"2016-12-2 13:10:02",snowy
1637,56,"2016-4-17 13:59:47",sunny
1638,92,"2020-6-17 17:42:19",snowy
1639,48,"2016-4-18 17:09:47",snowy
1640,140,"2016-5-23 09:25:53",sunny
1641,134,"2018-4-6 06:45:55",cloudy
1642,192,"2020-7-21 05:22:29",sunny
1643,174,"2016-3-5 23:05:10",snowy
1644,101,"2016-2-22 00:53:17",snowy
1645,128,"2019-2-7 15:48:26",snowy
1646,104,"2016-7-28 09:29:16",sunny
1647,184,"2018-5-25 00:56:25",sunny
1648,23,"2020-11-11 19:20:20",rainy
1649,183,"2020-4-16 21:48:42",snowy
1650,183,"2020-8-18 06:29:53",rainy
1651,105,"2016-12-8 07:46:19",cloudy
1652,181,"2018-12-17 18:15:23",rainy
1653,103,"2018-9-25 16:08:59",sunny
1654,74,"2019-4-23 17:44:25",rainy
1655,29,"2016-6-28 19:52:49",cloudy
1656,4,"2019-10-28 04:54:40",cloudy
1657,12,"2020-1-23 11:28:21",cloudy
1658,155,"2016-2-18 12:32:29",snowy
1659,115,"2018-12-4 01:58:41",rainy
1660,143,"2020-10-16 18:08:04",snowy
1661,10,"2020-4-3 12:47:26",sunny
1662,162,"2018-2-17 00:18:12",sunny
1663,106,"2018-1-2 12:00:57",snowy
1664,105,"2018-3-11 06:50:23",cloudy
1665,121,"2017-10-13 07:16:05",rainy
1666,162,"2019-5-23 13:13:56",sunny
1667,59,"2016-5-2 15:01:38",sunny
1668,10,"2016-12-11 15:25:01",rainy
1669,180,"2018-2-6 17:56:15",cloudy
1670,191,"2018-1-4 22:17:21",rainy
1671,183,"2019-7-5 00:02:36",sunny
1672,43,"2019-2-21 19:25:02",rainy
1673,161,"2020-4-3 18:42:37",rainy
1674,111,"2016-9-25 02:59:40",snowy
1675,142,"2020-8-17 09:40:28",rainy
1676,193,"2015-10-23 16:34:08",sunny
1677,106,"2020-2-18 12:47:01",rainy
1678,82,"2018-12-15 04:07:04",cloudy
1679,187,"2017-6-15 23:49:22",rainy
1680,126,"2019-10-15 02:07:44",rainy
1681,50,"2019-6-25 10:45:03",cloudy
1682,200,"2018-3-11 19:56:40",rainy
1683,52,"2018-11-4 08:56:38",cloudy
1684,111,"2018-12-16 04:25:05",snowy
1685,167,"2015-6-18 07:06:09",sunny
1686,160,"2016-7-12 15:38:26",snowy
1687,82,"2016-10-6 03:48:26",rainy
1688,119,"2019-5-18 07:44:47",sunny
1689,109,"2017-10-23 14:57:23",sunny
1690,47,"2015-3-15 12:57:21",sunny
1691,108,"2017-6-25 00:17:50",cloudy
1692,116,"2018-4-10 10:43:26",sunny
1693,163,"2017-10-25 03:26:51",rainy
1694,124,"2019-8-3 20:20:21",snowy
1695,109,"2016-7-25 10:01:18",rainy
1696,121,"2018-7-9 12:59:13",rainy
1697,116,"2020-6-28 13:39:32",sunny
1698,84,"2016-9-17 04:02:50",rainy
1699,64,"2017-10-18 20:38:52",rainy
1700,40,"2016-12-22 10:05:26",sunny
1701,53,"2018-1-6 21:45:30",sunny
1702,50,"2017-1-18 01:34:59",sunny
1703,93,"2017-4-15 04:16:12",snowy
1704,47,"2016-10-24 01:35:37",cloudy
1705,43,"2017-12-10 01:12:41",rainy
1706,157,"2015-11-12 14:32:05",snowy
1707,195,"2020-10-16 17:38:12",snowy
1708,151,"2017-9-23 01:22:15",cloudy
1709,63,"2016-10-5 00:44:11",sunny
1710,27,"2020-8-23 12:48:53",cloudy
1711,87,"2020-4-7 12:21:54",cloudy
1712,198,"2020-12-20 12:44:33",cloudy
1713,121,"2020-9-11 08:22:47",rainy
1714,178,"2018-6-28 01:18:39",sunny
1715,70,"2020-11-4 08:56:13",sunny
1716,149,"2018-11-6 00:47:07",rainy
1717,18,"2018-9-25 16:12:13",sunny
1718,178,"2019-2-21 01:40:15",rainy
1719,165,"2017-9-2 20:13:36",cloudy
1720,121,"2019-2-15 17:49:56",rainy
1721,77,"2017-4-9 02:00:01",snowy
1722,157,"2019-2-18 13:55:21",rainy
1723,173,"2016-11-27 21:15:45",sunny
1724,137,"2015-7-13 03:47:14",snowy
1725,132,"2015-8-20 16:56:40",snowy
1726,128,"2018-11-10 07:13:55",cloudy
1727,1,"2020-11-28 04:39:55",rainy
1728,85,"2017-1-4 07:18:12",cloudy
1729,9,"2019-10-27 20:35:47",sunny
1730,24,"2015-1-20 18:25:15",cloudy
1731,193,"2019-8-4 20:25:38",sunny
1732,110,"2016-3-1 06:21:00",rainy
1733,10,"2019-2-8 18:02:27",snowy
1734,10,"2015-2-23 19:06:04",sunny
1735,152,"2016-6-8 18:37:13",rainy
1736,151,"2016-6-11 00:26:52",sunny
1737,167,"2017-12-13 18:01:20",sunny
1738,146,"2016-11-1 10:40:53",cloudy
1739,52,"2020-9-1 11:29:33",rainy
1740,166,"2017-11-20 20:15:42",cloudy
1741,200,"2020-1-6 13:23:07",sunny
1742,4,"2019-5-26 15:40:34",snowy
1743,124,"2019-4-6 23:02:44",snowy
1744,50,"2019-11-16 02:45:24",sunny
1745,90,"2019-3-6 09:00:15",rainy
1746,38,"2019-10-5 20:21:46",sunny
1747,93,"2016-9-13 10:47:41",snowy
1748,116,"2019-6-26 12:17:27",sunny
1749,16,"2018-8-25 20:21:10",sunny
1750,11,"2015-10-9 18:05:16",snowy
1751,153,"2020-8-6 22:22:34",rainy
1752,147,"2020-12-12 02:53:40",cloudy
1753,5,"2019-8-3 10:43:56",rainy
1754,5,"2017-12-12 04:02:48",cloudy
1755,19,"2018-11-7 16:18:27",cloudy
1756,193,"2020-10-24 01:13:22",sunny
1757,32,"2015-10-13 00:37:26",sunny
1758,141,"2016-4-10 04:12:52",snowy
1759,157,"2018-4-25 14:20:14",sunny
1760,7,"2016-12-18 07:53:56",cloudy
1761,97,"2015-4-18 11:41:29",rainy
1762,24,"2016-12-14 09:27:34",rainy
1763,20,"2018-8-12 21:25:57",sunny
1764,89,"2019-10-6 18:03:11",snowy
1765,92,"2015-9-28 07:34:46",snowy
1766,162,"2015-7-2 05:23:51",snowy
1767,82,"2020-9-25 06:32:26",rainy
1768,93,"2020-9-14 18:59:30",snowy
1769,16,"2016-6-13 16:59:08",snowy
1770,86,"2019-10-19 12:53:23",rainy
1771,191,"2019-10-5 23:38:34",snowy
1772,184,"2020-9-14 15:14:23",sunny
1773,18,"2020-6-5 14:55:59",cloudy
1774,98,"2017-8-2 22:51:57",sunny
1775,50,"2015-10-24 11:38:19",snowy
1776,113,"2017-12-16 12:26:36",cloudy
1777,180,"2017-11-4 14:24:04",sunny
1778,10,"2019-11-8 15:00:07",sunny
1779,169,"2015-4-7 03:30:35",rainy
1780,106,"2019-12-1 01:19:56",sunny
1781,39,"2018-11-25 06:53:39",sunny
1782,165,"2015-4-11 06:46:48",sunny
1783,145,"2018-7-9 23:23:21",rainy
1784,11,"2015-11-28 21:28:46",snowy
1785,146,"2016-5-9 06:56:32",rainy
1786,92,"2017-4-26 10:31:21",rainy
1787,176,"2016-2-17 02:50:02",rainy
1788,117,"2020-1-3 20:38:11",sunny
1789,93,"2019-10-4 02:29:22",snowy
1790,12,"2016-4-22 16:46:04",cloudy
1791,98,"2016-5-27 21:24:20",snowy
1792,15,"2018-10-17 14:27:25",cloudy
1793,47,"2019-2-14 03:17:38",sunny
1794,187,"2015-9-26 14:13:14",rainy
1795,53,"2020-5-7 13:35:44",cloudy
1796,152,"2019-3-11 04:45:14",rainy
1797,158,"2018-2-8 03:00:00",cloudy
1798,174,"2015-12-25 23:09:27",snowy
1799,158,"2016-12-22 06:14:59",rainy
1800,131,"2015-4-14 16:17:57",cloudy
1801,63,"2017-2-23 01:33:12",rainy
1802,129,"2017-3-19 09:55:54",snowy
1803,149,"2019-12-5 14:18:01",snowy
1804,44,"2018-6-20 14:09:20",rainy
1805,16,"2020-5-10 22:43:57",rainy
1806,101,"2016-11-10 17:48:00",rainy
1807,38,"2019-5-13 11:42:07",snowy
1808,179,"2019-7-28 23:37:02",cloudy
1809,21,"2015-6-2 01:35:14",snowy
1810,172,"2019-5-4 18:59:13",rainy
1811,136,"2017-8-18 09:53:23",sunny
1812,122,"2018-11-27 03:00:49",rainy
1813,74,"2017-8-11 07:12:48",snowy
1814,131,"2018-1-19 23:31:45",sunny
1815,70,"2017-12-22 16:06:33",sunny
1816,16,"2019-8-4 13:55:59",snowy
1817,30,"2019-6-4 01:06:02",cloudy
1818,104,"2020-2-24 22:17:27",cloudy
1819,169,"2017-12-2 13:10:56",sunny
1820,63,"2020-6-20 04:17:17",snowy
1821,85,"2019-9-20 15:36:28",cloudy
1822,200,"2020-8-13 23:10:06",rainy
1823,140,"2015-1-13 01:13:19",cloudy
1824,53,"2015-2-19 04:59:22",cloudy
1825,158,"2019-6-15 09:10:30",sunny
1826,46,"2017-8-18 05:20:55",cloudy
1827,41,"2020-4-2 04:17:10",sunny
1828,91,"2020-1-2 03:15:05",rainy
1829,155,"2018-7-12 20:12:15",rainy
1830,174,"2018-3-10 14:53:27",snowy
1831,59,"2016-7-4 15:19:33",sunny
1832,114,"2017-2-7 23:00:00",sunny
1833,118,"2015-2-14 18:28:03",cloudy
1834,151,"2020-2-22 14:32:54",cloudy
1835,180,"2018-11-7 16:40:08",cloudy
1836,135,"2017-6-11 12:47:17",cloudy
1837,43,"2018-9-13 00:53:56",sunny
1838,124,"2020-3-16 05:21:11",cloudy
1839,18,"2018-8-18 03:40:19",cloudy
1840,179,"2019-5-15 22:58:27",cloudy
1841,46,"2019-12-2 14:50:30",cloudy
1842,48,"2020-9-15 17:16:19",rainy
1843,45,"2020-2-25 16:18:29",cloudy
1844,152,"2016-3-5 23:47:54",cloudy
1845,65,"2017-4-27 00:14:18",cloudy
1846,169,"2015-8-27 15:37:25",snowy
1847,31,"2015-11-24 03:25:33",rainy
1848,169,"2015-3-6 04:38:04",cloudy
1849,73,"2018-3-25 09:47:27",cloudy
1850,68,"2020-9-13 01:26:37",snowy
1851,58,"2020-7-17 18:31:05",sunny
1852,199,"2016-4-28 07:51:52",rainy
1853,196,"2015-11-4 17:50:57",sunny
1854,194,"2018-7-15 22:41:12",rainy
1855,171,"2015-7-2 15:58:54",cloudy
1856,147,"2017-7-19 08:23:28",snowy
1857,193,"2015-2-14 05:39:57",rainy
1858,98,"2019-9-17 18:50:15",sunny
1859,34,"2020-6-17 19:23:50",rainy
1860,54,"2017-8-14 03:19:34",cloudy
1861,117,"2020-9-12 20:43:46",rainy
1862,34,"2017-3-28 06:15:03",snowy
1863,170,"2017-1-28 14:54:37",cloudy
1864,55,"2020-3-1 20:43:20",sunny
1865,69,"2020-8-16 12:04:27",cloudy
1866,199,"2015-2-4 21:04:30",snowy
1867,37,"2017-1-18 18:05:51",cloudy
1868,14,"2016-4-22 03:41:01",cloudy
1869,107,"2020-4-8 13:54:32",snowy
1870,126,"2016-8-4 05:33:09",cloudy
1871,183,"2017-12-21 06:41:26",rainy
1872,193,"2015-4-17 19:16:34",rainy
1873,95,"2015-4-8 22:33:19",rainy
1874,150,"2019-3-1 04:13:04",sunny
1875,176,"2020-6-7 13:44:31",rainy
1876,63,"2019-6-22 16:56:40",rainy
1877,41,"2016-8-20 18:36:46",snowy
1878,166,"2018-6-21 12:59:29",rainy
1879,174,"2015-2-23 13:03:19",snowy
1880,109,"2017-4-17 14:10:30",snowy
1881,118,"2016-12-2 11:08:54",sunny
1882,103,"2018-7-8 02:14:37",snowy
1883,165,"2016-3-12 16:59:32",rainy
1884,56,"2015-9-9 11:06:32",snowy
1885,164,"2016-4-27 02:06:12",cloudy
1886,77,"2015-6-7 09:41:21",snowy
1887,118,"2016-11-4 01:26:56",cloudy
1888,140,"2016-9-25 23:30:49",rainy
1889,174,"2018-9-13 11:04:59",rainy
1890,98,"2015-3-22 01:56:01",rainy
1891,126,"2019-5-28 18:00:22",sunny
1892,192,"2020-2-13 16:37:44",rainy
1893,152,"2016-7-12 05:45:19",sunny
1894,26,"2017-2-16 11:11:45",snowy
1895,70,"2019-11-26 16:34:22",sunny
1896,126,"2015-9-9 20:31:19",cloudy
1897,133,"2019-4-21 09:46:54",cloudy
1898,30,"2017-8-2 00:38:26",snowy
1899,39,"2018-11-7 08:12:26",snowy
1900,95,"2020-8-25 14:44:46",snowy
1901,88,"2019-7-28 04:56:50",rainy
1902,83,"2020-7-12 08:35:17",rainy
1903,21,"2019-5-15 12:31:57",rainy
1904,142,"2017-1-25 12:00:14",sunny
1905,174,"2015-6-15 18:24:48",snowy
1906,7,"2019-2-27 09:46:16",cloudy
1907,125,"2017-7-28 03:34:03",sunny
1908,181,"2016-4-4 12:54:46",rainy
1909,46,"2016-7-4 22:03:39",rainy
1910,92,"2018-4-3 14:02:15",sunny
1911,43,"2016-12-7 20:30:09",sunny
1912,68,"2019-4-11 23:03:03",cloudy
1913,31,"2018-5-15 15:31:54",cloudy
1914,157,"2017-10-4 11:21:30",snowy
1915,137,"2018-3-14 15:05:20",snowy
1916,93,"2016-7-10 10:36:42",cloudy
1917,122,"2017-7-3 02:42:03",cloudy
1918,111,"2016-6-12 21:47:29",cloudy
1919,130,"2018-8-18 10:21:52",sunny
1920,143,"2017-5-8 07:21:11",sunny
1921,30,"2019-1-12 00:20:37",snowy
1922,197,"2017-1-14 17:39:05",sunny
1923,182,"2019-10-28 07:33:45",sunny
1924,4,"2017-8-7 20:33:46",snowy
1925,35,"2018-8-10 17:23:48",cloudy
1926,7,"2015-3-27 09:43:06",rainy
1927,180,"2019-2-7 14:39:41",snowy
1928,199,"2016-7-28 23:32:22",snowy
1929,3,"2018-6-12 09:38:12",cloudy
1930,180,"2015-5-6 02:55:26",rainy
1931,65,"2015-7-17 11:03:19",sunny
1932,72,"2018-10-12 19:40:16",cloudy
1933,176,"2019-3-2 06:48:34",sunny
1934,195,"2018-3-24 16:44:34",cloudy
1935,182,"2020-12-23 15:19:59",sunny
1936,172,"2019-1-22 13:43:13",snowy
1937,136,"2018-11-17 11:00:23",sunny
1938,133,"2018-11-17 18:48:13",cloudy
1939,27,"2020-5-11 03:20:12",cloudy
1940,187,"2018-3-6 12:48:03",cloudy
1941,3,"2019-12-10 13:32:15",cloudy
1942,142,"2020-3-18 01:39:10",snowy
1943,109,"2017-5-3 02:37:50",snowy
1944,115,"2019-10-9 23:19:45",cloudy
1945,128,"2019-8-25 11:01:08",rainy
1946,138,"2015-3-16 22:32:27",cloudy
1947,173,"2017-2-6 01:43:04",cloudy
1948,99,"2020-9-28 02:02:46",snowy
1949,136,"2016-3-27 07:02:50",snowy
1950,29,"2019-6-24 08:01:00",snowy
1951,78,"2019-10-18 03:42:46",snowy
1952,40,"2019-4-21 18:26:25",rainy
1953,171,"2017-6-7 03:59:15",snowy
1954,60,"2015-1-24 21:04:12",snowy
1955,100,"2019-12-19 15:44:27",snowy
1956,177,"2018-2-1 10:57:15",cloudy
1957,182,"2015-2-23 16:22:08",cloudy
1958,23,"2015-5-22 13:41:58",sunny
1959,151,"2015-5-9 19:37:38",rainy
1960,7,"2019-5-15 17:44:33",cloudy
1961,150,"2015-8-26 09:19:55",snowy
1962,172,"2018-8-23 16:23:00",cloudy
1963,33,"2019-6-14 05:44:46",rainy
1964,47,"2015-2-22 21:03:48",snowy
1965,99,"2018-7-14 07:53:21",sunny
1966,178,"2018-4-5 06:12:07",sunny
1967,176,"2016-5-8 06:32:46",sunny
1968,140,"2018-4-18 22:08:32",snowy
1969,119,"2016-5-4 11:43:02",rainy
1970,125,"2019-6-9 08:20:16",rainy
1971,58,"2019-6-8 21:15:16",sunny
1972,129,"2015-7-27 13:21:45",rainy
1973,159,"2020-11-10 08:18:09",sunny
1974,14,"2018-10-28 16:07:48",cloudy
1975,48,"2018-11-8 06:39:01",cloudy
1976,46,"2019-10-28 14:42:45",rainy
1977,25,"2015-7-12 00:58:38",snowy
1978,82,"2018-3-6 03:22:07",sunny
1979,124,"2019-9-14 07:07:49",sunny
1980,177,"2018-9-15 10:57:18",cloudy
1981,16,"2016-11-17 01:57:34",cloudy
1982,112,"2019-3-8 16:12:15",snowy
1983,145,"2016-11-28 05:58:04",cloudy
1984,193,"2018-10-23 05:07:55",snowy
1985,138,"2016-6-5 15:55:47",rainy
1986,131,"2018-5-3 21:41:27",sunny
1987,65,"2020-9-16 03:24:48",rainy
1988,12,"2015-3-1 19:03:47",snowy
1989,119,"2019-9-16 15:33:31",sunny
1990,98,"2017-6-19 03:28:47",snowy
1991,3,"2018-12-14 10:53:19",snowy
1992,119,"2019-4-9 07:23:32",snowy
1993,23,"2019-12-14 14:39:17",rainy
1994,158,"2020-2-23 05:50:24",snowy
1995,122,"2015-9-11 12:10:50",sunny
1996,34,"2020-9-3 01:20:53",sunny
1997,121,"2016-5-10 00:56:46",cloudy
1998,68,"2016-11-12 08:31:12",rainy
1999,180,"2018-6-15 20:12:42",cloudy
2000,126,"2020-1-24 04:31:12",sunny
